Time,Channel1,Channel2,Channel3
5/22/2021 12:20,84.2,0,0
5/22/2021 12:20,84.2,0,0
5/22/2021 12:21,87.6,0,0
5/22/2021 12:21,87.6,0,0
5/22/2021 12:22,86.3,0,0
5/22/2021 12:22,86.3,0,0
5/22/2021 12:23,92,0,0
5/22/2021 12:23,92,0,0
5/22/2021 12:24,96.8,0,0
5/22/2021 12:24,96.8,0,0
5/22/2021 12:25,100.6,0,0
5/22/2021 12:25,100.9,0,0
5/22/2021 12:25,100.9,0,0
5/22/2021 12:26,104.8,0,0
5/22/2021 12:26,104.8,0,0
5/22/2021 12:27,108.2,0,0
5/22/2021 12:27,108.2,0,0
5/22/2021 12:28,111.4,0,0
5/22/2021 12:28,111.4,0,0
5/22/2021 12:29,114.2,0,0
5/22/2021 12:29,114.2,0,0
5/22/2021 12:30,116.9,0,0
5/22/2021 12:30,116.9,0,0
5/22/2021 12:31,119.4,0,0
5/22/2021 12:31,119.4,0,0
5/22/2021 12:32,120.1,0,0
5/22/2021 12:32,120.1,0,0
5/22/2021 12:33,106.2,0,0
5/22/2021 12:33,106.2,0,0
5/22/2021 12:34,103.5,0,0
5/22/2021 12:34,103.5,0,0
5/22/2021 12:35,105.3,0,0
5/22/2021 12:35,105.3,0,0
5/22/2021 12:36,106.9,0,0
5/22/2021 12:36,106.9,0,0
5/22/2021 12:37,111.9,0,0
5/22/2021 12:37,111.9,0,0
5/22/2021 12:38,114.2,0,0
5/22/2021 12:38,114.2,0,0
5/22/2021 12:39,115.5,0,0
5/22/2021 12:39,115.5,0,0
5/22/2021 12:40,112.6,0,0
5/22/2021 12:40,112.6,0,0
5/22/2021 12:41,118.8,0,0
5/22/2021 12:41,118.8,0,0
5/22/2021 12:42,113.2,0,0
5/22/2021 12:42,113.2,0,0
5/22/2021 12:43,126.7,0,0
5/22/2021 12:43,126.7,0,0
5/22/2021 12:44,130,0,0
5/22/2021 12:44,130,0,0
5/22/2021 12:45,130,0,0
5/22/2021 12:45,130,0,0
5/22/2021 12:46,137.3,0,0
5/22/2021 12:46,137.3,0,0
5/22/2021 12:47,139.5,0,0
5/22/2021 12:47,139.5,0,0
5/22/2021 12:48,141.8,0,0
5/22/2021 12:48,141.8,0,0
5/22/2021 12:49,143.6,0,0
5/22/2021 12:49,143.6,0,0
5/22/2021 12:50,145,0,0
5/22/2021 12:50,145,0,0
5/22/2021 12:51,146.2,0,0
5/22/2021 12:51,146.2,0,0
5/22/2021 12:52,147.5,0,0
5/22/2021 12:52,147.5,0,0
5/22/2021 12:53,148.7,0,0
5/22/2021 12:53,148.7,0,0
5/22/2021 12:54,149.9,0,0
5/22/2021 12:54,149.9,0,0
5/22/2021 12:55,151.1,0,0
5/22/2021 12:55,151.2,0,0
5/22/2021 12:55,151.2,0,0
5/22/2021 12:56,152.4,0,0
5/22/2021 12:56,152.4,0,0
5/22/2021 12:57,153.4,0,0
5/22/2021 12:57,153.4,0,0
5/22/2021 12:58,154.5,0,0
5/22/2021 12:58,154.5,0,0
5/22/2021 12:59,155.6,0,0
5/22/2021 12:59,155.6,0,0
5/22/2021 13:00,156.5,0,0
5/22/2021 13:00,156.5,0,0
5/22/2021 13:01,157.8,0,0
5/22/2021 13:01,157.8,0,0
5/22/2021 13:02,158.8,0,0
5/22/2021 13:02,158.8,0,0
5/22/2021 13:03,159.9,0,0
5/22/2021 13:03,159.9,0,0
5/22/2021 13:04,160.7,0,0
5/22/2021 13:04,160.7,0,0
5/22/2021 13:05,161.9,0,0
5/22/2021 13:05,161.9,0,0
5/22/2021 13:06,163.1,0,0
5/22/2021 13:06,163.1,0,0
5/22/2021 13:07,164.3,0,0
5/22/2021 13:07,164.3,0,0
5/22/2021 13:08,165.6,0,0
5/22/2021 13:08,165.6,0,0
5/22/2021 13:09,166.7,0,0
5/22/2021 13:09,166.7,0,0
5/22/2021 13:10,167.8,0,0
5/22/2021 13:10,167.8,0,0
5/22/2021 13:11,168.8,0,0
5/22/2021 13:11,168.8,0,0
5/22/2021 13:12,170.2,0,0
5/22/2021 13:12,170.2,0,0
5/22/2021 13:13,171.7,0,0
5/22/2021 13:13,171.7,0,0
5/22/2021 13:14,173.3,0,0
5/22/2021 13:14,173.3,0,0
5/22/2021 13:15,174.6,0,0
5/22/2021 13:15,174.6,0,0
5/22/2021 13:16,175.5,0,0
5/22/2021 13:16,175.5,0,0
5/22/2021 13:17,176.8,0,0
5/22/2021 13:17,176.8,0,0
5/22/2021 13:18,177.8,0,0
5/22/2021 13:18,177.8,0,0
5/22/2021 13:19,178.9,0,0
5/22/2021 13:19,178.9,0,0
5/22/2021 13:20,180.3,0,0
5/22/2021 13:20,180.3,0,0
5/22/2021 13:21,181.4,0,0
5/22/2021 13:21,181.4,0,0
5/22/2021 13:22,182.6,0,0
5/22/2021 13:22,182.6,0,0
5/22/2021 13:23,183.9,0,0
5/22/2021 13:23,183.9,0,0
5/22/2021 13:24,184.8,0,0
5/22/2021 13:24,184.8,0,0
5/22/2021 13:25,186,0,0
5/22/2021 13:25,186,0,0
5/22/2021 13:26,187.1,0,0
5/22/2021 13:26,187.1,0,0
5/22/2021 13:27,211.9,0,0
5/22/2021 13:27,211.9,0,0
5/22/2021 13:28,215.3,0,0
5/22/2021 13:28,215.3,0,0
5/22/2021 13:29,217,0,0
5/22/2021 13:29,217,0,0
5/22/2021 13:30,218.6,0,0
5/22/2021 13:30,218.6,0,0
5/22/2021 13:31,218.5,0,0
5/22/2021 13:31,218.5,0,0
5/22/2021 13:32,219.4,0,0
5/22/2021 13:32,219.4,0,0
5/22/2021 13:33,220.5,0,0
5/22/2021 13:33,220.5,0,0
5/22/2021 13:34,220.7,0,0
5/22/2021 13:34,220.7,0,0
5/22/2021 13:35,222.5,0,0
5/22/2021 13:35,222.5,0,0
5/22/2021 13:36,223,0,0
5/22/2021 13:36,223,0,0
5/22/2021 13:37,224.7,0,0
5/22/2021 13:37,224.7,0,0
5/22/2021 13:38,224.2,0,0
5/22/2021 13:38,224.2,0,0
5/22/2021 13:39,223.6,0,0
5/22/2021 13:39,223.6,0,0
5/22/2021 13:40,224.6,0,0
5/22/2021 13:40,224.6,0,0
5/22/2021 13:41,224.3,0,0
5/22/2021 13:41,224.3,0,0
5/22/2021 13:42,226.6,0,0
5/22/2021 13:42,226.6,0,0
5/22/2021 13:43,229,0,0
5/22/2021 13:43,229,0,0
5/22/2021 13:44,232.8,0,0
5/22/2021 13:44,232.8,0,0
5/22/2021 13:45,237.9,0,0
5/22/2021 13:45,237.9,0,0
5/22/2021 13:46,200.2,0,0
5/22/2021 13:46,200.2,0,0
5/22/2021 13:46,0,38.7,0
5/22/2021 13:46,0,38.7,37
5/22/2021 13:46,0,0,37
5/22/2021 13:47,205.9,0,0
5/22/2021 13:47,205.9,0,0
5/22/2021 13:47,0,37.1,0
5/22/2021 13:47,0,37.1,35.3
5/22/2021 13:47,0,0,35.3
5/22/2021 13:48,230,0,0
5/22/2021 13:48,230,0,0
5/22/2021 13:48,0,36.9,0
5/22/2021 13:48,0,36.9,35.2
5/22/2021 13:48,0,0,35.2
5/22/2021 13:49,239.6,0,0
5/22/2021 13:49,239.6,0,0
5/22/2021 13:49,0,36.9,0
5/22/2021 13:49,0,36.9,35.3
5/22/2021 13:49,0,0,35.3
5/22/2021 13:50,242.4,0,0
5/22/2021 13:50,242.4,0,0
5/22/2021 13:50,0,37.2,0
5/22/2021 13:50,0,37.2,35.2
5/22/2021 13:50,0,0,35.2
5/22/2021 13:51,243.1,0,0
5/22/2021 13:51,243.1,0,0
5/22/2021 13:51,0,37.5,0
5/22/2021 13:51,0,37.5,35.2
5/22/2021 13:51,0,0,35.2
5/22/2021 13:52,242.6,0,0
5/22/2021 13:52,242.6,0,0
5/22/2021 13:52,0,37.9,0
5/22/2021 13:52,0,37.9,35.6
5/22/2021 13:52,0,0,35.6
5/22/2021 13:53,241.7,0,0
5/22/2021 13:53,241.7,0,0
5/22/2021 13:53,0,38.4,0
5/22/2021 13:53,0,38.4,35.7
5/22/2021 13:53,0,0,35.7
5/22/2021 13:54,241.4,0,0
5/22/2021 13:54,241.4,0,0
5/22/2021 13:54,0,39.1,0
5/22/2021 13:54,0,39.1,36
5/22/2021 13:54,0,0,36
5/22/2021 13:55,242.1,0,0
5/22/2021 13:55,242.1,0,0
5/22/2021 13:55,0,39.9,0
5/22/2021 13:55,0,39.9,36
5/22/2021 13:55,0,0,36
5/22/2021 13:56,241.9,0,0
5/22/2021 13:56,241.9,0,0
5/22/2021 13:56,0,40.6,0
5/22/2021 13:56,0,40.6,36.4
5/22/2021 13:56,0,0,36.4
5/22/2021 13:57,242.1,0,0
5/22/2021 13:57,242.1,0,0
5/22/2021 13:57,0,41.4,0
5/22/2021 13:57,0,41.4,36.7
5/22/2021 13:57,0,0,36.7
5/22/2021 13:58,240.4,0,0
5/22/2021 13:58,240.4,0,0
5/22/2021 13:58,0,42.2,0
5/22/2021 13:58,0,42.2,37.1
5/22/2021 13:58,0,0,37.1
5/22/2021 13:59,240.2,0,0
5/22/2021 13:59,240.2,0,0
5/22/2021 13:59,0,43.1,0
5/22/2021 13:59,0,43.1,37.6
5/22/2021 13:59,0,0,37.6
5/22/2021 14:00,240.1,0,0
5/22/2021 14:00,240.1,0,0
5/22/2021 14:00,0,44.1,0
5/22/2021 14:00,0,44.1,38
5/22/2021 14:00,0,0,38
5/22/2021 14:01,239.8,0,0
5/22/2021 14:01,239.8,0,0
5/22/2021 14:01,0,45.1,0
5/22/2021 14:01,0,45.1,38.5
5/22/2021 14:01,0,0,38.5
5/22/2021 14:02,239.9,0,0
5/22/2021 14:02,239.9,0,0
5/22/2021 14:02,0,46,0
5/22/2021 14:02,0,46,39.2
5/22/2021 14:02,0,0,39.2
5/22/2021 14:03,240.4,0,0
5/22/2021 14:03,240.4,0,0
5/22/2021 14:03,0,47.1,0
5/22/2021 14:03,0,47.1,39.8
5/22/2021 14:03,0,0,39.8
5/22/2021 14:04,240.8,0,0
5/22/2021 14:04,240.8,0,0
5/22/2021 14:04,0,48.2,0
5/22/2021 14:04,0,48.2,40.4
5/22/2021 14:04,0,0,40.4
5/22/2021 14:05,241.3,0,0
5/22/2021 14:05,241.3,0,0
5/22/2021 14:05,0,49.4,0
5/22/2021 14:05,0,49.4,41.1
5/22/2021 14:05,0,0,41.1
5/22/2021 14:06,241.7,0,0
5/22/2021 14:06,241.7,0,0
5/22/2021 14:06,0,50.5,0
5/22/2021 14:06,0,50.5,41.9
5/22/2021 14:06,0,0,41.9
5/22/2021 14:07,242.3,0,0
5/22/2021 14:07,242.3,0,0
5/22/2021 14:07,0,51.8,0
5/22/2021 14:07,0,51.8,42.7
5/22/2021 14:07,0,0,42.7
5/22/2021 14:08,243.4,0,0
5/22/2021 14:08,243.4,0,0
5/22/2021 14:08,0,52.9,0
5/22/2021 14:08,0,52.9,43.4
5/22/2021 14:08,0,0,43.4
5/22/2021 14:09,242.5,0,0
5/22/2021 14:09,242.5,0,0
5/22/2021 14:09,0,54.2,0
5/22/2021 14:09,0,54.2,44.3
5/22/2021 14:09,0,0,44.3
5/22/2021 14:10,242.1,0,0
5/22/2021 14:10,242.1,0,0
5/22/2021 14:10,0,55.6,0
5/22/2021 14:10,0,55.6,45.4
5/22/2021 14:10,0,0,45.4
5/22/2021 14:11,243.3,0,0
5/22/2021 14:11,243.3,0,0
5/22/2021 14:11,0,56.8,0
5/22/2021 14:11,0,56.8,46.1
5/22/2021 14:11,0,0,46.1
5/22/2021 14:12,244,0,0
5/22/2021 14:12,244,0,0
5/22/2021 14:12,0,58.2,0
5/22/2021 14:12,0,58.2,47.1
5/22/2021 14:12,0,0,47.1
5/22/2021 14:13,244.3,0,0
5/22/2021 14:13,244.3,0,0
5/22/2021 14:13,0,59.4,0
5/22/2021 14:13,0,59.4,48.1
5/22/2021 14:13,0,0,48.1
5/22/2021 14:14,244.7,0,0
5/22/2021 14:14,244.7,0,0
5/22/2021 14:14,0,60.7,0
5/22/2021 14:14,0,60.7,49.1
5/22/2021 14:14,0,0,49.1
5/22/2021 14:15,245.2,0,0
5/22/2021 14:15,245.2,0,0
5/22/2021 14:15,0,62.1,0
5/22/2021 14:15,0,62.1,50.2
5/22/2021 14:15,0,0,50.2
5/22/2021 14:16,244.8,0,0
5/22/2021 14:16,244.8,0,0
5/22/2021 14:16,0,63.3,0
5/22/2021 14:16,0,63.3,51.2
5/22/2021 14:16,0,0,51.2
5/22/2021 14:17,245.3,0,0
5/22/2021 14:17,245.3,0,0
5/22/2021 14:17,0,64.5,0
5/22/2021 14:17,0,64.5,52.3
5/22/2021 14:17,0,0,52.3
5/22/2021 14:18,246.1,0,0
5/22/2021 14:18,246.1,0,0
5/22/2021 14:18,0,65.6,0
5/22/2021 14:18,0,65.6,53.3
5/22/2021 14:18,0,0,53.3
5/22/2021 14:19,247.7,0,0
5/22/2021 14:19,247.7,0,0
5/22/2021 14:19,0,66.9,0
5/22/2021 14:19,0,66.9,54.4
5/22/2021 14:19,0,0,54.4
5/22/2021 14:20,248.1,0,0
5/22/2021 14:20,248.1,0,0
5/22/2021 14:20,0,68.1,0
5/22/2021 14:20,0,68.1,55.6
5/22/2021 14:20,0,0,55.6
5/22/2021 14:21,248.8,0,0
5/22/2021 14:21,248.8,0,0
5/22/2021 14:21,0,69.2,0
5/22/2021 14:21,0,69.2,56.7
5/22/2021 14:21,0,0,56.7
5/22/2021 14:22,249.4,0,0
5/22/2021 14:22,249.4,0,0
5/22/2021 14:22,0,70.3,0
5/22/2021 14:22,0,70.3,57.9
5/22/2021 14:22,0,0,57.9
5/22/2021 14:23,249.8,0,0
5/22/2021 14:23,249.8,0,0
5/22/2021 14:23,0,71.5,0
5/22/2021 14:23,0,71.5,59.1
5/22/2021 14:23,0,0,59.1
5/22/2021 14:24,249.2,0,0
5/22/2021 14:24,249.2,0,0
5/22/2021 14:24,0,72.6,0
5/22/2021 14:24,0,72.6,60.3
5/22/2021 14:24,0,0,60.3
5/22/2021 14:25,248.1,0,0
5/22/2021 14:25,248.1,0,0
5/22/2021 14:25,0,73.8,0
5/22/2021 14:25,0,73.8,61.5
5/22/2021 14:25,0,0,61.5
5/22/2021 14:26,248.5,0,0
5/22/2021 14:26,248.5,0,0
5/22/2021 14:26,0,74.9,0
5/22/2021 14:26,0,74.9,62.7
5/22/2021 14:26,0,0,62.7
5/22/2021 14:27,248.9,0,0
5/22/2021 14:27,248.9,0,0
5/22/2021 14:27,0,76,0
5/22/2021 14:27,0,76,63.8
5/22/2021 14:27,0,0,63.8
5/22/2021 14:28,249.2,0,0
5/22/2021 14:28,249.2,0,0
5/22/2021 14:28,0,77.1,0
5/22/2021 14:28,0,77.1,65.1
5/22/2021 14:28,0,0,65.1
5/22/2021 14:29,249.4,0,0
5/22/2021 14:29,249.4,0,0
5/22/2021 14:29,0,78.1,0
5/22/2021 14:29,0,78.1,66.3
5/22/2021 14:29,0,0,66.3
5/22/2021 14:30,250.4,0,0
5/22/2021 14:30,250.4,0,0
5/22/2021 14:30,0,79.2,0
5/22/2021 14:30,0,79.2,67.5
5/22/2021 14:30,0,0,67.5
5/22/2021 14:31,251,0,0
5/22/2021 14:31,251,0,0
5/22/2021 14:31,0,80.2,0
5/22/2021 14:31,0,80.2,68.6
5/22/2021 14:31,0,0,68.6
5/22/2021 14:32,251.2,0,0
5/22/2021 14:32,251.2,0,0
5/22/2021 14:32,0,81.2,0
5/22/2021 14:32,0,81.2,69.8
5/22/2021 14:32,0,0,69.8
5/22/2021 14:33,250.6,0,0
5/22/2021 14:33,250.6,0,0
5/22/2021 14:33,0,82.3,0
5/22/2021 14:33,0,82.3,70.9
5/22/2021 14:33,0,0,70.9
5/22/2021 14:34,250.4,0,0
5/22/2021 14:34,250.4,0,0
5/22/2021 14:34,0,83.3,0
5/22/2021 14:34,0,83.3,72.1
5/22/2021 14:34,0,0,72.1
5/22/2021 14:35,250.5,0,0
5/22/2021 14:35,250.5,0,0
5/22/2021 14:35,0,84.3,0
5/22/2021 14:35,0,84.3,73.3
5/22/2021 14:35,0,0,73.3
5/22/2021 14:36,250.6,0,0
5/22/2021 14:36,250.6,0,0
5/22/2021 14:36,0,85.3,0
5/22/2021 14:36,0,85.3,74.4
5/22/2021 14:36,0,0,74.4
5/22/2021 14:37,248.9,0,0
5/22/2021 14:37,248.9,0,0
5/22/2021 14:37,0,86.4,0
5/22/2021 14:37,0,86.4,75.5
5/22/2021 14:37,0,0,75.5
5/22/2021 14:38,248.9,0,0
5/22/2021 14:38,248.9,0,0
5/22/2021 14:38,0,87.4,0
5/22/2021 14:38,0,87.4,76.6
5/22/2021 14:38,0,0,76.6
5/22/2021 14:39,249.5,0,0
5/22/2021 14:39,249.5,0,0
5/22/2021 14:39,0,88.4,0
5/22/2021 14:39,0,88.4,77.8
5/22/2021 14:39,0,0,77.8
5/22/2021 14:40,249.7,0,0
5/22/2021 14:40,249.7,0,0
5/22/2021 14:40,0,89.4,0
5/22/2021 14:40,0,89.4,78.9
5/22/2021 14:40,0,0,78.9
5/22/2021 14:41,249.7,0,0
5/22/2021 14:41,249.7,0,0
5/22/2021 14:41,0,90.5,0
5/22/2021 14:41,0,90.5,80
5/22/2021 14:41,0,0,80
5/22/2021 14:42,249.1,0,0
5/22/2021 14:42,249.1,0,0
5/22/2021 14:42,0,91.5,0
5/22/2021 14:42,0,91.5,81.1
5/22/2021 14:42,0,0,81.1
5/22/2021 14:43,248.5,0,0
5/22/2021 14:43,248.5,0,0
5/22/2021 14:43,0,92.5,0
5/22/2021 14:43,0,92.5,82.2
5/22/2021 14:43,0,0,82.2
5/22/2021 14:44,248.5,0,0
5/22/2021 14:44,248.5,0,0
5/22/2021 14:44,0,93.5,0
5/22/2021 14:44,0,93.5,83.3
5/22/2021 14:44,0,0,83.3
5/22/2021 14:45,248.8,0,0
5/22/2021 14:45,248.8,0,0
5/22/2021 14:45,0,94.5,0
5/22/2021 14:45,0,94.5,84.4
5/22/2021 14:45,0,0,84.4
5/22/2021 14:46,249.5,0,0
5/22/2021 14:46,249.5,0,0
5/22/2021 14:46,0,95.5,0
5/22/2021 14:46,0,95.5,85.5
5/22/2021 14:46,0,0,85.5
5/22/2021 14:47,250.2,0,0
5/22/2021 14:47,250.2,0,0
5/22/2021 14:47,0,96.5,0
5/22/2021 14:47,0,96.5,86.5
5/22/2021 14:47,0,0,86.5
5/22/2021 14:48,249.2,0,0
5/22/2021 14:48,249.2,0,0
5/22/2021 14:48,0,97.4,0
5/22/2021 14:48,0,97.4,87.6
5/22/2021 14:48,0,0,87.6
5/22/2021 14:49,248.8,0,0
5/22/2021 14:49,248.8,0,0
5/22/2021 14:49,0,98.4,0
5/22/2021 14:49,0,98.4,88.6
5/22/2021 14:49,0,0,88.6
5/22/2021 14:50,248.6,0,0
5/22/2021 14:50,248.6,0,0
5/22/2021 14:50,0,99.3,0
5/22/2021 14:50,0,99.3,89.8
5/22/2021 14:50,0,0,89.8
5/22/2021 14:51,248.7,0,0
5/22/2021 14:51,248.7,0,0
5/22/2021 14:51,0,100.2,0
5/22/2021 14:51,0,100.2,90.8
5/22/2021 14:51,0,0,90.8
5/22/2021 14:52,248.7,0,0
5/22/2021 14:52,248.7,0,0
5/22/2021 14:52,0,101.1,0
5/22/2021 14:52,0,101.1,91.8
5/22/2021 14:52,0,0,91.8
5/22/2021 14:53,248.5,0,0
5/22/2021 14:53,248.5,0,0
5/22/2021 14:53,0,102,0
5/22/2021 14:53,0,102,92.8
5/22/2021 14:53,0,0,92.8
5/22/2021 14:54,248.7,0,0
5/22/2021 14:54,248.7,0,0
5/22/2021 14:54,0,102.8,0
5/22/2021 14:54,0,102.8,93.8
5/22/2021 14:54,0,0,93.8
5/22/2021 14:55,248.5,0,0
5/22/2021 14:55,248.5,0,0
5/22/2021 14:55,0,103.7,0
5/22/2021 14:55,0,103.7,94.8
5/22/2021 14:55,0,0,94.8
5/22/2021 14:56,248.2,0,0
5/22/2021 14:56,248.2,0,0
5/22/2021 14:56,0,104.6,0
5/22/2021 14:56,0,104.6,95.8
5/22/2021 14:56,0,0,95.8
5/22/2021 14:57,247.8,0,0
5/22/2021 14:57,247.8,0,0
5/22/2021 14:57,0,105.4,0
5/22/2021 14:57,0,105.4,96.8
5/22/2021 14:57,0,0,96.8
5/22/2021 14:58,247,0,0
5/22/2021 14:58,247,0,0
5/22/2021 14:58,0,106.2,0
5/22/2021 14:58,0,106.2,97.7
5/22/2021 14:58,0,0,97.7
5/22/2021 14:59,247.2,0,0
5/22/2021 14:59,247.2,0,0
5/22/2021 14:59,0,107,0
5/22/2021 14:59,0,107,98.7
5/22/2021 14:59,0,0,98.7
5/22/2021 15:00,247.4,0,0
5/22/2021 15:00,247.4,0,0
5/22/2021 15:00,0,107.8,0
5/22/2021 15:00,0,107.8,99.5
5/22/2021 15:00,0,0,99.5
5/22/2021 15:01,248.1,0,0
5/22/2021 15:01,248.1,0,0
5/22/2021 15:01,0,108.6,0
5/22/2021 15:01,0,108.6,100.5
5/22/2021 15:01,0,0,100.5
5/22/2021 15:02,248.5,0,0
5/22/2021 15:02,248.5,0,0
5/22/2021 15:02,0,109.3,0
5/22/2021 15:02,0,109.3,101.4
5/22/2021 15:02,0,0,101.4
5/22/2021 15:03,248.2,0,0
5/22/2021 15:03,248.2,0,0
5/22/2021 15:03,0,110.1,0
5/22/2021 15:03,0,110.1,102.2
5/22/2021 15:03,0,0,102.2
5/22/2021 15:04,248,0,0
5/22/2021 15:04,248,0,0
5/22/2021 15:04,0,110.9,0
5/22/2021 15:04,0,110.9,103.1
5/22/2021 15:04,0,0,103.1
5/22/2021 15:05,247.8,0,0
5/22/2021 15:05,247.8,0,0
5/22/2021 15:05,0,111.6,0
5/22/2021 15:05,0,111.6,104
5/22/2021 15:05,0,0,104
5/22/2021 15:06,247.7,0,0
5/22/2021 15:06,247.7,0,0
5/22/2021 15:06,0,112.4,0
5/22/2021 15:06,0,112.4,104.8
5/22/2021 15:06,0,0,104.8
5/22/2021 15:07,247.5,0,0
5/22/2021 15:07,247.5,0,0
5/22/2021 15:07,0,113.1,0
5/22/2021 15:07,0,113.1,105.6
5/22/2021 15:07,0,0,105.6
5/22/2021 15:08,247.5,0,0
5/22/2021 15:08,247.5,0,0
5/22/2021 15:08,0,113.8,0
5/22/2021 15:08,0,113.8,106.4
5/22/2021 15:08,0,0,106.4
5/22/2021 15:09,248.3,0,0
5/22/2021 15:09,248.3,0,0
5/22/2021 15:09,0,114.5,0
5/22/2021 15:09,0,114.5,107.2
5/22/2021 15:09,0,0,107.2
5/22/2021 15:10,249.7,0,0
5/22/2021 15:10,249.7,0,0
5/22/2021 15:10,0,115.2,0
5/22/2021 15:10,0,115.2,108
5/22/2021 15:10,0,0,108
5/22/2021 15:11,251.7,0,0
5/22/2021 15:11,251.7,0,0
5/22/2021 15:11,0,115.9,0
5/22/2021 15:11,0,115.9,108.8
5/22/2021 15:11,0,0,108.8
5/22/2021 15:12,252.4,0,0
5/22/2021 15:12,252.4,0,0
5/22/2021 15:12,0,116.5,0
5/22/2021 15:12,0,116.5,109.5
5/22/2021 15:12,0,0,109.5
5/22/2021 15:13,252.3,0,0
5/22/2021 15:13,252.3,0,0
5/22/2021 15:13,0,117.2,0
5/22/2021 15:13,0,117.2,110.2
5/22/2021 15:13,0,0,110.2
5/22/2021 15:14,252.5,0,0
5/22/2021 15:14,252.5,0,0
5/22/2021 15:14,0,117.9,0
5/22/2021 15:14,0,117.9,111
5/22/2021 15:14,0,0,111
5/22/2021 15:15,252.5,0,0
5/22/2021 15:15,252.5,0,0
5/22/2021 15:15,0,118.6,0
5/22/2021 15:15,0,118.6,111.7
5/22/2021 15:15,0,0,111.7
5/22/2021 15:16,253.2,0,0
5/22/2021 15:16,253.2,0,0
5/22/2021 15:16,0,119.3,0
5/22/2021 15:16,0,119.3,112.4
5/22/2021 15:16,0,0,112.4
5/22/2021 15:17,254.3,0,0
5/22/2021 15:17,254.3,0,0
5/22/2021 15:17,0,120,0
5/22/2021 15:17,0,120,113.1
5/22/2021 15:17,0,0,113.1
5/22/2021 15:18,254.3,0,0
5/22/2021 15:18,254.3,0,0
5/22/2021 15:18,0,120.6,0
5/22/2021 15:18,0,120.6,113.8
5/22/2021 15:18,0,0,113.8
5/22/2021 15:19,253.6,0,0
5/22/2021 15:19,253.6,0,0
5/22/2021 15:19,0,121.3,0
5/22/2021 15:19,0,121.3,114.5
5/22/2021 15:19,0,0,114.5
5/22/2021 15:20,253.6,0,0
5/22/2021 15:20,253.6,0,0
5/22/2021 15:20,0,121.9,0
5/22/2021 15:20,0,121.9,115.1
5/22/2021 15:20,0,0,115.1
5/22/2021 15:21,255,0,0
5/22/2021 15:21,255,0,0
5/22/2021 15:21,0,122.5,0
5/22/2021 15:21,0,122.5,115.8
5/22/2021 15:21,0,0,115.8
5/22/2021 15:22,256.4,0,0
5/22/2021 15:22,256.4,0,0
5/22/2021 15:22,0,123.1,0
5/22/2021 15:22,0,123.1,116.4
5/22/2021 15:22,0,0,116.4
5/22/2021 15:23,256.7,0,0
5/22/2021 15:23,256.7,0,0
5/22/2021 15:23,0,123.8,0
5/22/2021 15:23,0,123.8,117
5/22/2021 15:23,0,0,117
5/22/2021 15:24,256.4,0,0
5/22/2021 15:24,256.4,0,0
5/22/2021 15:24,0,124.3,0
5/22/2021 15:24,0,124.3,117.7
5/22/2021 15:24,0,0,117.7
5/22/2021 15:25,256.3,0,0
5/22/2021 15:25,256.3,0,0
5/22/2021 15:25,0,124.9,0
5/22/2021 15:25,0,124.9,118.2
5/22/2021 15:25,0,0,118.2
5/22/2021 15:26,256.6,0,0
5/22/2021 15:26,256.6,0,0
5/22/2021 15:26,0,125.5,0
5/22/2021 15:26,0,125.5,118.8
5/22/2021 15:26,0,0,118.8
5/22/2021 15:27,257,0,0
5/22/2021 15:27,257,0,0
5/22/2021 15:27,0,126.1,0
5/22/2021 15:27,0,126.1,119.4
5/22/2021 15:27,0,0,119.4
5/22/2021 15:28,257.1,0,0
5/22/2021 15:28,257.1,0,0
5/22/2021 15:28,0,126.6,0
5/22/2021 15:28,0,126.6,120
5/22/2021 15:28,0,0,120
5/22/2021 15:29,257.9,0,0
5/22/2021 15:29,257.9,0,0
5/22/2021 15:29,0,127.2,0
5/22/2021 15:29,0,127.2,120.5
5/22/2021 15:29,0,0,120.5
5/22/2021 15:30,257.1,0,0
5/22/2021 15:30,257.1,0,0
5/22/2021 15:30,0,127.7,0
5/22/2021 15:30,0,127.7,121.1
5/22/2021 15:30,0,0,121.1
5/22/2021 15:31,258.4,0,0
5/22/2021 15:31,258.4,0,0
5/22/2021 15:31,0,128.2,0
5/22/2021 15:31,0,128.2,121.7
5/22/2021 15:31,0,0,121.7
5/22/2021 15:32,258.1,0,0
5/22/2021 15:32,258.1,0,0
5/22/2021 15:32,0,128.7,0
5/22/2021 15:32,0,128.7,122.2
5/22/2021 15:32,0,0,122.2
5/22/2021 15:33,260.2,0,0
5/22/2021 15:33,260.2,0,0
5/22/2021 15:33,0,129.2,0
5/22/2021 15:33,0,129.2,122.7
5/22/2021 15:33,0,0,122.7
5/22/2021 15:34,261.7,0,0
5/22/2021 15:34,261.7,0,0
5/22/2021 15:34,0,129.7,0
5/22/2021 15:34,0,129.7,123.3
5/22/2021 15:34,0,0,123.3
5/22/2021 15:35,261.3,0,0
5/22/2021 15:35,261.3,0,0
5/22/2021 15:35,0,130.2,0
5/22/2021 15:35,0,130.2,123.8
5/22/2021 15:35,0,0,123.8
5/22/2021 15:36,260.4,0,0
5/22/2021 15:36,260.4,0,0
5/22/2021 15:36,0,130.7,0
5/22/2021 15:36,0,130.7,124.3
5/22/2021 15:36,0,0,124.3
5/22/2021 15:37,259.5,0,0
5/22/2021 15:37,259.5,0,0
5/22/2021 15:37,0,131.2,0
5/22/2021 15:37,0,131.2,124.8
5/22/2021 15:37,0,0,124.8
5/22/2021 15:38,262.2,0,0
5/22/2021 15:38,262.2,0,0
5/22/2021 15:38,0,131.7,0
5/22/2021 15:38,0,131.7,125.3
5/22/2021 15:38,0,0,125.3
5/22/2021 15:39,259.4,0,0
5/22/2021 15:39,259.4,0,0
5/22/2021 15:39,0,132.2,0
5/22/2021 15:39,0,132.2,125.8
5/22/2021 15:39,0,0,125.8
5/22/2021 15:40,262.1,0,0
5/22/2021 15:40,262.1,0,0
5/22/2021 15:40,0,132.7,0
5/22/2021 15:40,0,132.7,126.3
5/22/2021 15:40,0,0,126.3
5/22/2021 15:41,261.1,0,0
5/22/2021 15:41,261.1,0,0
5/22/2021 15:41,0,133.2,0
5/22/2021 15:41,0,133.2,126.7
5/22/2021 15:41,0,0,126.7
5/22/2021 15:42,261,0,0
5/22/2021 15:42,261,0,0
5/22/2021 15:42,0,133.6,0
5/22/2021 15:42,0,133.6,127.2
5/22/2021 15:42,0,0,127.2
5/22/2021 15:43,261.4,0,0
5/22/2021 15:43,261.4,0,0
5/22/2021 15:43,0,134,0
5/22/2021 15:43,0,134,127.7
5/22/2021 15:43,0,0,127.7
5/22/2021 15:44,259.2,0,0
5/22/2021 15:44,259.2,0,0
5/22/2021 15:44,0,134.4,0
5/22/2021 15:44,0,134.4,128.2
5/22/2021 15:44,0,0,128.2
5/22/2021 15:45,258.7,0,0
5/22/2021 15:45,258.7,0,0
5/22/2021 15:45,0,134.9,0
5/22/2021 15:45,0,134.9,128.6
5/22/2021 15:45,0,0,128.6
5/22/2021 15:46,259.2,0,0
5/22/2021 15:46,259.2,0,0
5/22/2021 15:46,0,135.3,0
5/22/2021 15:46,0,135.3,129.1
5/22/2021 15:46,0,0,129.1
5/22/2021 15:47,262.4,0,0
5/22/2021 15:47,262.4,0,0
5/22/2021 15:47,0,135.7,0
5/22/2021 15:47,0,135.7,129.5
5/22/2021 15:47,0,0,129.5
5/22/2021 15:48,263.1,0,0
5/22/2021 15:48,263.1,0,0
5/22/2021 15:48,0,136.1,0
5/22/2021 15:48,0,136.1,130
5/22/2021 15:48,0,0,130
5/22/2021 15:49,260.2,0,0
5/22/2021 15:49,260.2,0,0
5/22/2021 15:49,0,136.5,0
5/22/2021 15:49,0,136.5,130.4
5/22/2021 15:49,0,0,130.4
5/22/2021 15:50,259.5,0,0
5/22/2021 15:50,259.5,0,0
5/22/2021 15:50,0,136.9,0
5/22/2021 15:50,0,136.9,130.8
5/22/2021 15:50,0,0,130.8
5/22/2021 15:51,259.2,0,0
5/22/2021 15:51,259.2,0,0
5/22/2021 15:51,0,137.3,0
5/22/2021 15:51,0,137.3,131.2
5/22/2021 15:51,0,0,131.2
5/22/2021 15:52,263.9,0,0
5/22/2021 15:52,263.9,0,0
5/22/2021 15:52,0,137.7,0
5/22/2021 15:52,0,137.7,131.7
5/22/2021 15:52,0,0,131.7
5/22/2021 15:53,265,0,0
5/22/2021 15:53,265,0,0
5/22/2021 15:53,0,138.1,0
5/22/2021 15:53,0,138.1,132.1
5/22/2021 15:53,0,0,132.1
5/22/2021 15:54,263.8,0,0
5/22/2021 15:54,263.8,0,0
5/22/2021 15:54,0,138.4,0
5/22/2021 15:54,0,138.4,132.5
5/22/2021 15:54,0,0,132.5
5/22/2021 15:55,264.7,0,0
5/22/2021 15:55,264.7,0,0
5/22/2021 15:55,0,138.8,0
5/22/2021 15:55,0,138.8,132.9
5/22/2021 15:55,0,0,132.9
5/22/2021 15:56,265,0,0
5/22/2021 15:56,265,0,0
5/22/2021 15:56,0,139.2,0
5/22/2021 15:56,0,139.2,133.3
5/22/2021 15:56,0,0,133.3
5/22/2021 15:57,259.1,0,0
5/22/2021 15:57,259.1,0,0
5/22/2021 15:57,0,139.5,0
5/22/2021 15:57,0,139.5,133.7
5/22/2021 15:57,0,0,133.7
5/22/2021 15:58,255.6,0,0
5/22/2021 15:58,255.6,0,0
5/22/2021 15:58,0,139.9,0
5/22/2021 15:58,0,139.9,134.1
5/22/2021 15:58,0,0,134.1
5/22/2021 15:59,255.1,0,0
5/22/2021 15:59,255.1,0,0
5/22/2021 15:59,0,140.2,0
5/22/2021 15:59,0,140.2,134.5
5/22/2021 15:59,0,0,134.5
5/22/2021 16:00,255,0,0
5/22/2021 16:00,255,0,0
5/22/2021 16:00,0,140.6,0
5/22/2021 16:00,0,140.6,134.9
5/22/2021 16:00,0,0,134.9
5/22/2021 16:01,255.9,0,0
5/22/2021 16:01,255.9,0,0
5/22/2021 16:01,0,140.9,0
5/22/2021 16:01,0,140.9,135.2
5/22/2021 16:01,0,0,135.2
5/22/2021 16:02,256.9,0,0
5/22/2021 16:02,256.9,0,0
5/22/2021 16:02,0,141.2,0
5/22/2021 16:02,0,141.2,135.6
5/22/2021 16:02,0,0,135.6
5/22/2021 16:03,256.5,0,0
5/22/2021 16:03,256.5,0,0
5/22/2021 16:03,0,141.6,0
5/22/2021 16:03,0,141.6,136
5/22/2021 16:03,0,0,136
5/22/2021 16:04,257.7,0,0
5/22/2021 16:04,257.7,0,0
5/22/2021 16:04,0,141.9,0
5/22/2021 16:04,0,141.9,136.3
5/22/2021 16:04,0,0,136.3
5/22/2021 16:05,257.8,0,0
5/22/2021 16:05,257.8,0,0
5/22/2021 16:05,0,142.2,0
5/22/2021 16:05,0,142.2,136.7
5/22/2021 16:05,0,0,136.7
5/22/2021 16:06,256,0,0
5/22/2021 16:06,256,0,0
5/22/2021 16:06,0,142.6,0
5/22/2021 16:06,0,142.6,137
5/22/2021 16:06,0,0,137
5/22/2021 16:07,256,0,0
5/22/2021 16:07,256,0,0
5/22/2021 16:07,0,142.7,0
5/22/2021 16:07,0,142.7,137.4
5/22/2021 16:07,0,0,137.4
5/22/2021 16:08,257.2,0,0
5/22/2021 16:08,257.2,0,0
5/22/2021 16:08,0,143,0
5/22/2021 16:08,0,143,137.7
5/22/2021 16:08,0,0,137.7
5/22/2021 16:09,256.7,0,0
5/22/2021 16:09,256.7,0,0
5/22/2021 16:09,0,143.3,0
5/22/2021 16:09,0,143.3,138
5/22/2021 16:09,0,0,138
5/22/2021 16:10,256,0,0
5/22/2021 16:10,256,0,0
5/22/2021 16:10,0,143.7,0
5/22/2021 16:10,0,143.7,138.4
5/22/2021 16:10,0,0,138.4
5/22/2021 16:11,260.3,0,0
5/22/2021 16:11,260.3,0,0
5/22/2021 16:11,0,144,0
5/22/2021 16:11,0,144,138.7
5/22/2021 16:11,0,0,138.7
5/22/2021 16:12,264.4,0,0
5/22/2021 16:12,264.4,0,0
5/22/2021 16:12,0,144.3,0
5/22/2021 16:12,0,144.3,139
5/22/2021 16:12,0,0,139
5/22/2021 16:13,265.8,0,0
5/22/2021 16:13,265.8,0,0
5/22/2021 16:13,0,144.6,0
5/22/2021 16:13,0,144.6,139.4
5/22/2021 16:13,0,0,139.4
5/22/2021 16:14,264.9,0,0
5/22/2021 16:14,264.9,0,0
5/22/2021 16:14,0,144.9,0
5/22/2021 16:14,0,144.9,139.7
5/22/2021 16:14,0,0,139.7
5/22/2021 16:15,264.3,0,0
5/22/2021 16:15,264.3,0,0
5/22/2021 16:15,0,145.3,0
5/22/2021 16:15,0,145.3,140
5/22/2021 16:15,0,0,140
5/22/2021 16:16,264.2,0,0
5/22/2021 16:16,264.2,0,0
5/22/2021 16:16,0,145.6,0
5/22/2021 16:16,0,145.6,140.3
5/22/2021 16:16,0,0,140.3
5/22/2021 16:17,264.9,0,0
5/22/2021 16:17,264.9,0,0
5/22/2021 16:17,0,145.9,0
5/22/2021 16:17,0,145.9,140.6
5/22/2021 16:17,0,0,140.6
5/22/2021 16:18,266.8,0,0
5/22/2021 16:18,266.8,0,0
5/22/2021 16:18,0,146.2,0
5/22/2021 16:18,0,146.2,140.9
5/22/2021 16:18,0,0,140.9
5/22/2021 16:19,267.9,0,0
5/22/2021 16:19,267.9,0,0
5/22/2021 16:19,0,146.6,0
5/22/2021 16:19,0,146.6,141.2
5/22/2021 16:19,0,0,141.2
5/22/2021 16:20,268.3,0,0
5/22/2021 16:20,268.3,0,0
5/22/2021 16:20,0,146.9,0
5/22/2021 16:20,0,146.9,141.5
5/22/2021 16:20,0,0,141.5
5/22/2021 16:21,267.2,0,0
5/22/2021 16:21,267.2,0,0
5/22/2021 16:21,0,147.3,0
5/22/2021 16:21,0,147.3,141.8
5/22/2021 16:21,0,0,141.8
5/22/2021 16:22,265.1,0,0
5/22/2021 16:22,265.1,0,0
5/22/2021 16:22,0,147.6,0
5/22/2021 16:22,0,147.6,142.1
5/22/2021 16:22,0,0,142.1
5/22/2021 16:23,261.4,0,0
5/22/2021 16:23,261.4,0,0
5/22/2021 16:23,0,147.9,0
5/22/2021 16:23,0,147.9,142.3
5/22/2021 16:23,0,0,142.3
5/22/2021 16:24,261.1,0,0
5/22/2021 16:24,261.1,0,0
5/22/2021 16:24,0,148.2,0
5/22/2021 16:24,0,148.2,142.6
5/22/2021 16:24,0,0,142.6
5/22/2021 16:25,258.6,0,0
5/22/2021 16:25,258.6,0,0
5/22/2021 16:25,0,148.5,0
5/22/2021 16:25,0,148.5,142.8
5/22/2021 16:25,0,0,142.8
5/22/2021 16:26,260,0,0
5/22/2021 16:26,260,0,0
5/22/2021 16:26,0,148.8,0
5/22/2021 16:26,0,148.8,143.1
5/22/2021 16:26,0,0,143.1
5/22/2021 16:27,260.5,0,0
5/22/2021 16:27,260.5,0,0
5/22/2021 16:27,0,149.1,0
5/22/2021 16:27,0,149.1,143.3
5/22/2021 16:27,0,0,143.3
5/22/2021 16:28,261.1,0,0
5/22/2021 16:28,261.1,0,0
5/22/2021 16:28,0,149.4,0
5/22/2021 16:28,0,149.4,143.6
5/22/2021 16:28,0,0,143.6
5/22/2021 16:29,261.6,0,0
5/22/2021 16:29,261.6,0,0
5/22/2021 16:29,0,149.8,0
5/22/2021 16:29,0,149.8,143.8
5/22/2021 16:29,0,0,143.8
5/22/2021 16:30,261.6,0,0
5/22/2021 16:30,261.6,0,0
5/22/2021 16:30,0,150.1,0
5/22/2021 16:30,0,150.1,144
5/22/2021 16:30,0,0,144
5/22/2021 16:31,262,0,0
5/22/2021 16:31,262,0,0
5/22/2021 16:31,0,150.4,0
5/22/2021 16:31,0,150.4,144.3
5/22/2021 16:31,0,0,144.3
5/22/2021 16:32,261.2,0,0
5/22/2021 16:32,261.2,0,0
5/22/2021 16:32,0,150.7,0
5/22/2021 16:32,0,150.7,144.5
5/22/2021 16:32,0,0,144.5
5/22/2021 16:33,259.1,0,0
5/22/2021 16:33,259.1,0,0
5/22/2021 16:33,0,151,0
5/22/2021 16:33,0,151,144.7
5/22/2021 16:33,0,0,144.7
5/22/2021 16:34,259.2,0,0
5/22/2021 16:34,259.2,0,0
5/22/2021 16:34,0,151.3,0
5/22/2021 16:34,0,151.3,145
5/22/2021 16:34,0,0,145
5/22/2021 16:35,258.8,0,0
5/22/2021 16:35,258.8,0,0
5/22/2021 16:35,0,151.4,0
5/22/2021 16:35,0,151.4,145.2
5/22/2021 16:35,0,0,145.2
5/22/2021 16:36,260,0,0
5/22/2021 16:36,260,0,0
5/22/2021 16:36,0,151.7,0
5/22/2021 16:36,0,151.7,145.4
5/22/2021 16:36,0,0,145.4
5/22/2021 16:37,260.9,0,0
5/22/2021 16:37,260.9,0,0
5/22/2021 16:37,0,152,0
5/22/2021 16:37,0,152,145.6
5/22/2021 16:37,0,0,145.6
5/22/2021 16:38,260,0,0
5/22/2021 16:38,260,0,0
5/22/2021 16:38,0,152.3,0
5/22/2021 16:38,0,152.3,145.8
5/22/2021 16:38,0,0,145.8
5/22/2021 16:39,260.1,0,0
5/22/2021 16:39,260.1,0,0
5/22/2021 16:39,0,152.6,0
5/22/2021 16:39,0,152.6,146
5/22/2021 16:39,0,0,146
5/22/2021 16:40,260.5,0,0
5/22/2021 16:40,260.5,0,0
5/22/2021 16:40,0,152.8,0
5/22/2021 16:40,0,152.8,146.2
5/22/2021 16:40,0,0,146.2
5/22/2021 16:41,260.4,0,0
5/22/2021 16:41,260.4,0,0
5/22/2021 16:41,0,153,0
5/22/2021 16:41,0,153,146.4
5/22/2021 16:41,0,0,146.4
5/22/2021 16:42,262.2,0,0
5/22/2021 16:42,262.2,0,0
5/22/2021 16:42,0,153.3,0
5/22/2021 16:42,0,153.3,146.6
5/22/2021 16:42,0,0,146.6
5/22/2021 16:43,263.4,0,0
5/22/2021 16:43,263.4,0,0
5/22/2021 16:43,0,153.6,0
5/22/2021 16:43,0,153.6,146.8
5/22/2021 16:43,0,0,146.8
5/22/2021 16:44,260.8,0,0
5/22/2021 16:44,260.8,0,0
5/22/2021 16:44,0,153.9,0
5/22/2021 16:44,0,153.9,147
5/22/2021 16:44,0,0,147
5/22/2021 16:45,256.3,0,0
5/22/2021 16:45,256.3,0,0
5/22/2021 16:45,0,154.1,0
5/22/2021 16:45,0,154.1,147.2
5/22/2021 16:45,0,0,147.2
5/22/2021 16:46,250.6,0,0
5/22/2021 16:46,250.6,0,0
5/22/2021 16:46,0,154.4,0
5/22/2021 16:46,0,154.4,147.4
5/22/2021 16:46,0,0,147.4
5/22/2021 16:47,247.6,0,0
5/22/2021 16:47,247.6,0,0
5/22/2021 16:47,0,154.6,0
5/22/2021 16:47,0,154.6,147.5
5/22/2021 16:47,0,0,147.5
5/22/2021 16:48,245.9,0,0
5/22/2021 16:48,245.9,0,0
5/22/2021 16:48,0,154.9,0
5/22/2021 16:48,0,154.9,147.7
5/22/2021 16:48,0,0,147.7
5/22/2021 16:49,244.4,0,0
5/22/2021 16:49,244.4,0,0
5/22/2021 16:49,0,155.1,0
5/22/2021 16:49,0,155.1,147.9
5/22/2021 16:49,0,0,147.9
5/22/2021 16:50,242.9,0,0
5/22/2021 16:50,242.9,0,0
5/22/2021 16:50,0,155.3,0
5/22/2021 16:50,0,155.3,148
5/22/2021 16:50,0,0,148
5/22/2021 16:51,242.1,0,0
5/22/2021 16:51,242.1,0,0
5/22/2021 16:51,0,155.5,0
5/22/2021 16:51,0,155.5,148.2
5/22/2021 16:51,0,0,148.2
5/22/2021 16:52,241.5,0,0
5/22/2021 16:52,241.5,0,0
5/22/2021 16:52,0,155.8,0
5/22/2021 16:52,0,155.8,148.4
5/22/2021 16:52,0,0,148.4
5/22/2021 16:53,241.2,0,0
5/22/2021 16:53,241.2,0,0
5/22/2021 16:53,0,156,0
5/22/2021 16:53,0,156,148.5
5/22/2021 16:53,0,0,148.5
5/22/2021 16:54,240.1,0,0
5/22/2021 16:54,240.1,0,0
5/22/2021 16:54,0,156.2,0
5/22/2021 16:54,0,156.2,148.7
5/22/2021 16:54,0,0,148.7
5/22/2021 16:55,241,0,0
5/22/2021 16:55,241,0,0
5/22/2021 16:55,0,156.4,0
5/22/2021 16:55,0,156.4,148.8
5/22/2021 16:55,0,0,148.8
5/22/2021 16:56,240.4,0,0
5/22/2021 16:56,240.4,0,0
5/22/2021 16:56,0,156.6,0
5/22/2021 16:56,0,156.6,149
5/22/2021 16:56,0,0,149
5/22/2021 16:57,239.9,0,0
5/22/2021 16:57,239.9,0,0
5/22/2021 16:57,0,156.8,0
5/22/2021 16:57,0,156.8,149.1
5/22/2021 16:57,0,0,149.1
5/22/2021 16:58,240.8,0,0
5/22/2021 16:58,240.8,0,0
5/22/2021 16:58,0,156.9,0
5/22/2021 16:58,0,156.9,149.3
5/22/2021 16:58,0,0,149.3
5/22/2021 16:59,240.7,0,0
5/22/2021 16:59,240.7,0,0
5/22/2021 16:59,0,157.1,0
5/22/2021 16:59,0,157.1,149.4
5/22/2021 16:59,0,0,149.4
5/22/2021 17:00,241.4,0,0
5/22/2021 17:00,241.4,0,0
5/22/2021 17:00,0,157.3,0
5/22/2021 17:00,0,157.3,149.5
5/22/2021 17:00,0,0,149.5
5/22/2021 17:01,240.8,0,0
5/22/2021 17:01,240.8,0,0
5/22/2021 17:01,0,157.5,0
5/22/2021 17:01,0,157.5,149.6
5/22/2021 17:01,0,0,149.6
5/22/2021 17:02,239.9,0,0
5/22/2021 17:02,239.9,0,0
5/22/2021 17:02,0,157.7,0
5/22/2021 17:02,0,157.7,149.8
5/22/2021 17:02,0,0,149.8
5/22/2021 17:03,240.2,0,0
5/22/2021 17:03,240.2,0,0
5/22/2021 17:03,0,157.8,0
5/22/2021 17:03,0,157.8,149.9
5/22/2021 17:03,0,0,149.9
5/22/2021 17:04,240,0,0
5/22/2021 17:04,240,0,0
5/22/2021 17:04,0,158,0
5/22/2021 17:04,0,158,150
5/22/2021 17:04,0,0,150
5/22/2021 17:05,239.3,0,0
5/22/2021 17:05,239.3,0,0
5/22/2021 17:05,0,158.1,0
5/22/2021 17:05,0,158.1,150.1
5/22/2021 17:05,0,0,150.1
5/22/2021 17:06,238.4,0,0
5/22/2021 17:06,238.4,0,0
5/22/2021 17:06,0,158.3,0
5/22/2021 17:06,0,158.3,150.2
5/22/2021 17:06,0,0,150.2
5/22/2021 17:07,238.7,0,0
5/22/2021 17:07,238.7,0,0
5/22/2021 17:07,0,158.4,0
5/22/2021 17:07,0,158.4,150.3
5/22/2021 17:07,0,0,150.3
5/22/2021 17:08,237.9,0,0
5/22/2021 17:08,237.9,0,0
5/22/2021 17:08,0,158.5,0
5/22/2021 17:08,0,158.5,150.4
5/22/2021 17:08,0,0,150.4
5/22/2021 17:09,237.6,0,0
5/22/2021 17:09,237.6,0,0
5/22/2021 17:09,0,158.7,0
5/22/2021 17:09,0,158.7,150.5
5/22/2021 17:09,0,0,150.5
5/22/2021 17:10,236.3,0,0
5/22/2021 17:10,236.3,0,0
5/22/2021 17:10,0,158.8,0
5/22/2021 17:10,0,158.8,150.7
5/22/2021 17:10,0,0,150.7
5/22/2021 17:11,235.7,0,0
5/22/2021 17:11,235.7,0,0
5/22/2021 17:11,0,158.9,0
5/22/2021 17:11,0,158.9,150.7
5/22/2021 17:11,0,0,150.7
5/22/2021 17:12,236,0,0
5/22/2021 17:12,236,0,0
5/22/2021 17:12,0,159,0
5/22/2021 17:12,0,159,150.8
5/22/2021 17:12,0,0,150.8
5/22/2021 17:13,235.9,0,0
5/22/2021 17:13,235.9,0,0
5/22/2021 17:13,0,159.1,0
5/22/2021 17:13,0,159.1,150.9
5/22/2021 17:13,0,0,150.9
5/22/2021 17:14,236.6,0,0
5/22/2021 17:14,236.6,0,0
5/22/2021 17:14,0,159.2,0
5/22/2021 17:14,0,159.2,151
5/22/2021 17:14,0,0,151
5/22/2021 17:15,237.7,0,0
5/22/2021 17:15,237.7,0,0
5/22/2021 17:15,0,159.3,0
5/22/2021 17:15,0,159.3,151.1
5/22/2021 17:15,0,0,151.1
5/22/2021 17:16,237.4,0,0
5/22/2021 17:16,237.4,0,0
5/22/2021 17:16,0,159.4,0
5/22/2021 17:16,0,159.4,151.2
5/22/2021 17:16,0,0,151.2
5/22/2021 17:17,234.1,0,0
5/22/2021 17:17,234.1,0,0
5/22/2021 17:17,0,159.5,0
5/22/2021 17:17,0,159.5,151.3
5/22/2021 17:17,0,0,151.3
5/22/2021 17:18,231.9,0,0
5/22/2021 17:18,231.9,0,0
5/22/2021 17:18,0,159.6,0
5/22/2021 17:18,0,159.6,151.3
5/22/2021 17:18,0,0,151.3
5/22/2021 17:19,229.9,0,0
5/22/2021 17:19,229.9,0,0
5/22/2021 17:19,0,159.7,0
5/22/2021 17:19,0,159.7,151.4
5/22/2021 17:19,0,0,151.4
5/22/2021 17:20,229.9,0,0
5/22/2021 17:20,229.9,0,0
5/22/2021 17:20,0,159.8,0
5/22/2021 17:20,0,159.8,151.5
5/22/2021 17:20,0,0,151.5
5/22/2021 17:21,229.7,0,0
5/22/2021 17:21,229.7,0,0
5/22/2021 17:21,0,159.9,0
5/22/2021 17:21,0,159.9,151.5
5/22/2021 17:21,0,0,151.5
5/22/2021 17:22,228.2,0,0
5/22/2021 17:22,228.2,0,0
5/22/2021 17:22,0,159.9,0
5/22/2021 17:22,0,159.9,151.6
5/22/2021 17:22,0,0,151.6
5/22/2021 17:23,228.5,0,0
5/22/2021 17:23,228.5,0,0
5/22/2021 17:23,0,160,0
5/22/2021 17:23,0,160,151.7
5/22/2021 17:23,0,0,151.7
5/22/2021 17:24,228,0,0
5/22/2021 17:24,228,0,0
5/22/2021 17:24,0,160.1,0
5/22/2021 17:24,0,160.1,151.7
5/22/2021 17:24,0,0,151.7
5/22/2021 17:25,226.5,0,0
5/22/2021 17:25,226.5,0,0
5/22/2021 17:25,0,160.1,0
5/22/2021 17:25,0,160.1,151.8
5/22/2021 17:25,0,0,151.8
5/22/2021 17:26,227.1,0,0
5/22/2021 17:26,227.1,0,0
5/22/2021 17:26,0,160.2,0
5/22/2021 17:26,0,160.2,151.9
5/22/2021 17:26,0,0,151.9
5/22/2021 17:27,227.2,0,0
5/22/2021 17:27,227.2,0,0
5/22/2021 17:27,0,160.2,0
5/22/2021 17:27,0,160.2,151.9
5/22/2021 17:27,0,0,151.9
5/22/2021 17:28,226.9,0,0
5/22/2021 17:28,226.9,0,0
5/22/2021 17:28,0,160.3,0
5/22/2021 17:28,0,160.3,152
5/22/2021 17:28,0,0,152
5/22/2021 17:29,227.4,0,0
5/22/2021 17:29,227.4,0,0
5/22/2021 17:29,0,160.3,0
5/22/2021 17:29,0,160.3,152
5/22/2021 17:29,0,0,152
5/22/2021 17:30,228.4,0,0
5/22/2021 17:30,228.4,0,0
5/22/2021 17:30,0,160.3,0
5/22/2021 17:30,0,160.3,152.1
5/22/2021 17:30,0,0,152.1
5/22/2021 17:31,229.6,0,0
5/22/2021 17:31,229.6,0,0
5/22/2021 17:31,0,160.3,0
5/22/2021 17:31,0,160.3,152.1
5/22/2021 17:31,0,0,152.1
5/22/2021 17:32,230.7,0,0
5/22/2021 17:32,230.7,0,0
5/22/2021 17:32,0,160.3,0
5/22/2021 17:32,0,160.3,152.2
5/22/2021 17:32,0,0,152.2
5/22/2021 17:33,230.9,0,0
5/22/2021 17:33,230.9,0,0
5/22/2021 17:33,0,160.4,0
5/22/2021 17:33,0,160.4,152.2
5/22/2021 17:33,0,0,152.2
5/22/2021 17:34,231.5,0,0
5/22/2021 17:34,231.5,0,0
5/22/2021 17:34,0,160.4,0
5/22/2021 17:34,0,160.4,152.3
5/22/2021 17:34,0,0,152.3
5/22/2021 17:35,232.5,0,0
5/22/2021 17:35,232.5,0,0
5/22/2021 17:35,0,160.4,0
5/22/2021 17:35,0,160.4,152.3
5/22/2021 17:35,0,0,152.3
5/22/2021 17:36,232,0,0
5/22/2021 17:36,232,0,0
5/22/2021 17:36,0,160.5,0
5/22/2021 17:36,0,160.5,152.3
5/22/2021 17:36,0,0,152.3
5/22/2021 17:37,232.5,0,0
5/22/2021 17:37,232.5,0,0
5/22/2021 17:37,0,160.5,0
5/22/2021 17:37,0,160.5,152.4
5/22/2021 17:37,0,0,152.4
5/22/2021 17:38,235.1,0,0
5/22/2021 17:38,235.1,0,0
5/22/2021 17:38,0,160.5,0
5/22/2021 17:38,0,160.5,152.4
5/22/2021 17:38,0,0,152.4
5/22/2021 17:39,236.1,0,0
5/22/2021 17:39,236.1,0,0
5/22/2021 17:39,0,160.6,0
5/22/2021 17:39,0,160.6,152.4
5/22/2021 17:39,0,0,152.4
5/22/2021 17:40,237.5,0,0
5/22/2021 17:40,237.5,0,0
5/22/2021 17:40,0,160.6,0
5/22/2021 17:40,0,160.6,152.5
5/22/2021 17:40,0,0,152.5
5/22/2021 17:41,237.6,0,0
5/22/2021 17:41,237.6,0,0
5/22/2021 17:41,0,160.6,0
5/22/2021 17:41,0,160.6,152.5
5/22/2021 17:41,0,0,152.5
5/22/2021 17:42,238.7,0,0
5/22/2021 17:42,238.7,0,0
5/22/2021 17:42,0,160.7,0
5/22/2021 17:42,0,160.7,152.5
5/22/2021 17:42,0,0,152.5
5/22/2021 17:43,238.6,0,0
5/22/2021 17:43,238.6,0,0
5/22/2021 17:43,0,160.7,0
5/22/2021 17:43,0,160.7,152.6
5/22/2021 17:43,0,0,152.6
5/22/2021 17:44,239.5,0,0
5/22/2021 17:44,239.5,0,0
5/22/2021 17:44,0,160.7,0
5/22/2021 17:44,0,160.7,152.6
5/22/2021 17:44,0,0,152.6
5/22/2021 17:45,239.4,0,0
5/22/2021 17:45,239.4,0,0
5/22/2021 17:45,0,160.8,0
5/22/2021 17:45,0,160.8,152.6
5/22/2021 17:45,0,0,152.6
5/22/2021 17:46,239.5,0,0
5/22/2021 17:46,239.5,0,0
5/22/2021 17:46,0,160.8,0
5/22/2021 17:46,0,160.8,152.6
5/22/2021 17:46,0,0,152.6
5/22/2021 17:47,240,0,0
5/22/2021 17:47,240,0,0
5/22/2021 17:47,0,160.9,0
5/22/2021 17:47,0,160.9,152.7
5/22/2021 17:47,0,0,152.7
5/22/2021 17:48,241.1,0,0
5/22/2021 17:48,241.1,0,0
5/22/2021 17:48,0,160.9,0
5/22/2021 17:48,0,160.9,152.7
5/22/2021 17:48,0,0,152.7
5/22/2021 17:49,241.3,0,0
5/22/2021 17:49,241.3,0,0
5/22/2021 17:49,0,160.9,0
5/22/2021 17:49,0,160.9,152.7
5/22/2021 17:49,0,0,152.7
5/22/2021 17:50,243,0,0
5/22/2021 17:50,243,0,0
5/22/2021 17:50,0,161,0
5/22/2021 17:50,0,161,152.7
5/22/2021 17:50,0,0,152.7
5/22/2021 17:51,243.1,0,0
5/22/2021 17:51,243.1,0,0
5/22/2021 17:51,0,161,0
5/22/2021 17:51,0,161,152.8
5/22/2021 17:51,0,0,152.8
5/22/2021 17:52,243.2,0,0
5/22/2021 17:52,243.2,0,0
5/22/2021 17:52,0,161,0
5/22/2021 17:52,0,161,152.8
5/22/2021 17:52,0,0,152.8
5/22/2021 17:53,243.2,0,0
5/22/2021 17:53,243.2,0,0
5/22/2021 17:53,0,161,0
5/22/2021 17:53,0,161,152.8
5/22/2021 17:53,0,0,152.8
5/22/2021 17:54,243.1,0,0
5/22/2021 17:54,243.1,0,0
5/22/2021 17:54,0,161.1,0
5/22/2021 17:54,0,161.1,152.9
5/22/2021 17:54,0,0,152.9
5/22/2021 17:55,243.4,0,0
5/22/2021 17:55,243.4,0,0
5/22/2021 17:55,0,161.1,0
5/22/2021 17:55,0,161.1,152.9
5/22/2021 17:55,0,0,152.9
5/22/2021 17:56,242.9,0,0
5/22/2021 17:56,242.9,0,0
5/22/2021 17:56,0,161.1,0
5/22/2021 17:56,0,161.1,152.9
5/22/2021 17:56,0,0,152.9
5/22/2021 17:57,240.4,0,0
5/22/2021 17:57,240.4,0,0
5/22/2021 17:57,0,161.1,0
5/22/2021 17:57,0,161.1,152.9
5/22/2021 17:57,0,0,152.9
5/22/2021 17:58,239.7,0,0
5/22/2021 17:58,239.7,0,0
5/22/2021 17:58,0,161.2,0
5/22/2021 17:58,0,161.2,153
5/22/2021 17:58,0,0,153
5/22/2021 17:59,239.7,0,0
5/22/2021 17:59,239.7,0,0
5/22/2021 17:59,0,161.2,0
5/22/2021 17:59,0,161.2,153
5/22/2021 17:59,0,0,153
5/22/2021 18:00,240.3,0,0
5/22/2021 18:00,240.3,0,0
5/22/2021 18:00,0,161.2,0
5/22/2021 18:00,0,161.2,153
5/22/2021 18:00,0,0,153
5/22/2021 18:01,240.3,0,0
5/22/2021 18:01,240.3,0,0
5/22/2021 18:01,0,161.2,0
5/22/2021 18:01,0,161.2,153.1
5/22/2021 18:01,0,0,153.1
5/22/2021 18:02,240.6,0,0
5/22/2021 18:02,240.6,0,0
5/22/2021 18:02,0,161.2,0
5/22/2021 18:02,0,161.2,153.1
5/22/2021 18:02,0,0,153.1
5/22/2021 18:03,240.4,0,0
5/22/2021 18:03,240.4,0,0
5/22/2021 18:03,0,161.2,0
5/22/2021 18:03,0,161.2,153.1
5/22/2021 18:03,0,0,153.1
5/22/2021 18:04,240.8,0,0
5/22/2021 18:04,240.8,0,0
5/22/2021 18:04,0,161.3,0
5/22/2021 18:04,0,161.3,153.2
5/22/2021 18:04,0,0,153.2
5/22/2021 18:05,241.5,0,0
5/22/2021 18:05,241.5,0,0
5/22/2021 18:05,0,161.3,0
5/22/2021 18:05,0,161.3,153.2
5/22/2021 18:05,0,0,153.2
5/22/2021 18:06,241.5,0,0
5/22/2021 18:06,241.5,0,0
5/22/2021 18:06,0,161.3,0
5/22/2021 18:06,0,161.3,153.3
5/22/2021 18:06,0,0,153.3
5/22/2021 18:07,242,0,0
5/22/2021 18:07,242,0,0
5/22/2021 18:07,0,161.3,0
5/22/2021 18:07,0,161.3,153.3
5/22/2021 18:07,0,0,153.3
5/22/2021 18:08,242,0,0
5/22/2021 18:08,242,0,0
5/22/2021 18:08,0,161.4,0
5/22/2021 18:08,0,161.4,153.4
5/22/2021 18:08,0,0,153.4
5/22/2021 18:09,242.8,0,0
5/22/2021 18:09,242.8,0,0
5/22/2021 18:09,0,161.4,0
5/22/2021 18:09,0,161.4,153.4
5/22/2021 18:09,0,0,153.4
5/22/2021 18:10,243.7,0,0
5/22/2021 18:10,243.7,0,0
5/22/2021 18:10,0,161.4,0
5/22/2021 18:10,0,161.4,153.4
5/22/2021 18:10,0,0,153.4
5/22/2021 18:11,242.5,0,0
5/22/2021 18:11,242.5,0,0
5/22/2021 18:11,0,161.4,0
5/22/2021 18:11,0,161.4,153.5
5/22/2021 18:11,0,0,153.5
5/22/2021 18:12,242.1,0,0
5/22/2021 18:12,242.1,0,0
5/22/2021 18:12,0,161.4,0
5/22/2021 18:12,0,161.4,153.5
5/22/2021 18:12,0,0,153.5
5/22/2021 18:13,241.5,0,0
5/22/2021 18:13,241.5,0,0
5/22/2021 18:13,0,161.4,0
5/22/2021 18:13,0,161.4,153.5
5/22/2021 18:13,0,0,153.5
5/22/2021 18:14,241.3,0,0
5/22/2021 18:14,241.3,0,0
5/22/2021 18:14,0,161.4,0
5/22/2021 18:14,0,161.4,153.6
5/22/2021 18:14,0,0,153.6
5/22/2021 18:15,242,0,0
5/22/2021 18:15,242,0,0
5/22/2021 18:15,0,161.4,0
5/22/2021 18:15,0,161.4,153.6
5/22/2021 18:15,0,0,153.6
5/22/2021 18:16,242.4,0,0
5/22/2021 18:16,242.4,0,0
5/22/2021 18:16,0,161.5,0
5/22/2021 18:16,0,161.5,153.7
5/22/2021 18:16,0,0,153.7
5/22/2021 18:17,241.2,0,0
5/22/2021 18:17,241.2,0,0
5/22/2021 18:17,0,161.5,0
5/22/2021 18:17,0,161.5,153.7
5/22/2021 18:17,0,0,153.7
5/22/2021 18:18,238.5,0,0
5/22/2021 18:18,238.5,0,0
5/22/2021 18:18,0,161.5,0
5/22/2021 18:18,0,161.5,153.8
5/22/2021 18:18,0,0,153.8
5/22/2021 18:19,237.2,0,0
5/22/2021 18:19,237.2,0,0
5/22/2021 18:19,0,161.5,0
5/22/2021 18:19,0,161.5,153.8
5/22/2021 18:19,0,0,153.8
5/22/2021 18:20,236.1,0,0
5/22/2021 18:20,236.1,0,0
5/22/2021 18:20,0,161.5,0
5/22/2021 18:20,0,161.5,153.9
5/22/2021 18:20,0,0,153.9
5/22/2021 18:21,235.3,0,0
5/22/2021 18:21,235.3,0,0
5/22/2021 18:21,0,161.5,0
5/22/2021 18:21,0,161.5,153.9
5/22/2021 18:21,0,0,153.9
5/22/2021 18:22,235.1,0,0
5/22/2021 18:22,235.1,0,0
5/22/2021 18:22,0,161.5,0
5/22/2021 18:22,0,161.5,154
5/22/2021 18:22,0,0,154
5/22/2021 18:23,234.4,0,0
5/22/2021 18:23,234.4,0,0
5/22/2021 18:23,0,161.4,0
5/22/2021 18:23,0,161.4,154
5/22/2021 18:23,0,0,154
5/22/2021 18:24,238.7,0,0
5/22/2021 18:24,238.7,0,0
5/22/2021 18:24,0,161.5,0
5/22/2021 18:24,0,161.5,154
5/22/2021 18:24,0,0,154
5/22/2021 18:25,244.1,0,0
5/22/2021 18:25,244.1,0,0
5/22/2021 18:25,0,161.5,0
5/22/2021 18:25,0,161.5,154.1
5/22/2021 18:25,0,0,154.1
5/22/2021 18:26,247.1,0,0
5/22/2021 18:26,247.1,0,0
5/22/2021 18:26,0,161.5,0
5/22/2021 18:26,0,161.5,154.1
5/22/2021 18:26,0,0,154.1
5/22/2021 18:27,247.2,0,0
5/22/2021 18:27,247.2,0,0
5/22/2021 18:27,0,161.5,0
5/22/2021 18:27,0,161.5,154.2
5/22/2021 18:27,0,0,154.2
5/22/2021 18:28,249,0,0
5/22/2021 18:28,249,0,0
5/22/2021 18:28,0,161.6,0
5/22/2021 18:28,0,161.6,154.2
5/22/2021 18:28,0,0,154.2
5/22/2021 18:29,249.6,0,0
5/22/2021 18:29,249.6,0,0
5/22/2021 18:29,0,161.6,0
5/22/2021 18:29,0,161.6,154.3
5/22/2021 18:29,0,0,154.3
5/22/2021 18:30,249,0,0
5/22/2021 18:30,249,0,0
5/22/2021 18:30,0,161.6,0
5/22/2021 18:30,0,161.6,154.3
5/22/2021 18:30,0,0,154.3
5/22/2021 18:31,249.1,0,0
5/22/2021 18:31,249.1,0,0
5/22/2021 18:31,0,161.6,0
5/22/2021 18:31,0,161.6,154.4
5/22/2021 18:31,0,0,154.4
5/22/2021 18:32,249.9,0,0
5/22/2021 18:32,249.9,0,0
5/22/2021 18:32,0,161.6,0
5/22/2021 18:32,0,161.6,154.4
5/22/2021 18:32,0,0,154.4
5/22/2021 18:33,250.4,0,0
5/22/2021 18:33,250.4,0,0
5/22/2021 18:33,0,161.6,0
5/22/2021 18:33,0,161.6,154.5
5/22/2021 18:33,0,0,154.5
5/22/2021 18:34,250,0,0
5/22/2021 18:34,250,0,0
5/22/2021 18:34,0,161.6,0
5/22/2021 18:34,0,161.6,154.5
5/22/2021 18:34,0,0,154.5
5/22/2021 18:35,251.4,0,0
5/22/2021 18:35,251.4,0,0
5/22/2021 18:35,0,161.6,0
5/22/2021 18:35,0,161.6,154.6
5/22/2021 18:35,0,0,154.6
5/22/2021 18:36,251.9,0,0
5/22/2021 18:36,251.9,0,0
5/22/2021 18:36,0,161.6,0
5/22/2021 18:36,0,161.6,154.6
5/22/2021 18:36,0,0,154.6
5/22/2021 18:37,251.4,0,0
5/22/2021 18:37,251.4,0,0
5/22/2021 18:37,0,161.6,0
5/22/2021 18:37,0,161.6,154.6
5/22/2021 18:37,0,0,154.6
5/22/2021 18:38,251.8,0,0
5/22/2021 18:38,251.8,0,0
5/22/2021 18:38,0,161.6,0
5/22/2021 18:38,0,161.6,154.7
5/22/2021 18:38,0,0,154.7
5/22/2021 18:39,250.9,0,0
5/22/2021 18:39,250.9,0,0
5/22/2021 18:39,0,161.7,0
5/22/2021 18:39,0,161.7,154.7
5/22/2021 18:39,0,0,154.7
5/22/2021 18:40,251.6,0,0
5/22/2021 18:40,251.6,0,0
5/22/2021 18:40,0,161.7,0
5/22/2021 18:40,0,161.7,154.8
5/22/2021 18:40,0,0,154.8
5/22/2021 18:41,251.4,0,0
5/22/2021 18:41,251.4,0,0
5/22/2021 18:41,0,161.7,0
5/22/2021 18:41,0,161.7,154.8
5/22/2021 18:41,0,0,154.8
5/22/2021 18:42,251.5,0,0
5/22/2021 18:42,251.5,0,0
5/22/2021 18:42,0,161.8,0
5/22/2021 18:42,0,161.8,154.8
5/22/2021 18:42,0,0,154.8
5/22/2021 18:43,252,0,0
5/22/2021 18:43,252,0,0
5/22/2021 18:43,0,161.8,0
5/22/2021 18:43,0,161.8,154.9
5/22/2021 18:43,0,0,154.9
5/22/2021 18:44,252,0,0
5/22/2021 18:44,252,0,0
5/22/2021 18:44,0,161.8,0
5/22/2021 18:44,0,161.8,154.9
5/22/2021 18:44,0,0,154.9
5/22/2021 18:45,251.2,0,0
5/22/2021 18:45,251.2,0,0
5/22/2021 18:45,0,161.8,0
5/22/2021 18:45,0,161.8,154.9
5/22/2021 18:45,0,0,154.9
5/22/2021 18:46,249.2,0,0
5/22/2021 18:46,249.2,0,0
5/22/2021 18:46,0,161.8,0
5/22/2021 18:46,0,161.8,155
5/22/2021 18:46,0,0,155
5/22/2021 18:47,237.7,0,0
5/22/2021 18:47,237.7,0,0
5/22/2021 18:47,0,161.9,0
5/22/2021 18:47,0,161.9,155
5/22/2021 18:47,0,0,155
5/22/2021 18:48,231.2,0,0
5/22/2021 18:48,231.2,0,0
5/22/2021 18:48,0,161.9,0
5/22/2021 18:48,0,161.9,155
5/22/2021 18:48,0,0,155
5/22/2021 18:49,228.3,0,0
5/22/2021 18:49,228.3,0,0
5/22/2021 18:49,0,161.9,0
5/22/2021 18:49,0,161.9,155.1
5/22/2021 18:49,0,0,155.1
5/22/2021 18:50,227.5,0,0
5/22/2021 18:50,227.5,0,0
5/22/2021 18:50,0,161.9,0
5/22/2021 18:50,0,161.9,155.1
5/22/2021 18:50,0,0,155.1
5/22/2021 18:51,227.1,0,0
5/22/2021 18:51,227.1,0,0
5/22/2021 18:51,0,161.9,0
5/22/2021 18:51,0,161.9,155.2
5/22/2021 18:51,0,0,155.2
5/22/2021 18:52,227.4,0,0
5/22/2021 18:52,227.4,0,0
5/22/2021 18:52,0,161.9,0
5/22/2021 18:52,0,161.9,155.2
5/22/2021 18:52,0,0,155.2
5/22/2021 18:53,227.9,0,0
5/22/2021 18:53,227.9,0,0
5/22/2021 18:53,0,161.9,0
5/22/2021 18:53,0,161.9,155.2
5/22/2021 18:53,0,0,155.2
5/22/2021 18:54,228.2,0,0
5/22/2021 18:54,228.2,0,0
5/22/2021 18:54,0,161.9,0
5/22/2021 18:54,0,161.9,155.3
5/22/2021 18:54,0,0,155.3
5/22/2021 18:55,228.4,0,0
5/22/2021 18:55,228.4,0,0
5/22/2021 18:55,0,161.9,0
5/22/2021 18:55,0,161.9,155.3
5/22/2021 18:55,0,0,155.3
5/22/2021 18:56,229,0,0
5/22/2021 18:56,229,0,0
5/22/2021 18:56,0,161.9,0
5/22/2021 18:56,0,161.9,155.3
5/22/2021 18:56,0,0,155.3
5/22/2021 18:57,229.5,0,0
5/22/2021 18:57,229.5,0,0
5/22/2021 18:57,0,161.8,0
5/22/2021 18:57,0,161.8,155.4
5/22/2021 18:57,0,0,155.4
5/22/2021 18:58,229.4,0,0
5/22/2021 18:58,229.4,0,0
5/22/2021 18:58,0,161.8,0
5/22/2021 18:58,0,161.8,155.4
5/22/2021 18:58,0,0,155.4
5/22/2021 18:59,229.9,0,0
5/22/2021 18:59,229.9,0,0
5/22/2021 18:59,0,161.8,0
5/22/2021 18:59,0,161.8,155.4
5/22/2021 18:59,0,0,155.4
5/22/2021 19:00,231.7,0,0
5/22/2021 19:00,231.7,0,0
5/22/2021 19:00,0,161.7,0
5/22/2021 19:00,0,161.7,155.4
5/22/2021 19:00,0,0,155.4
5/22/2021 19:01,233.1,0,0
5/22/2021 19:01,233.1,0,0
5/22/2021 19:01,0,161.7,0
5/22/2021 19:01,0,161.7,155.5
5/22/2021 19:01,0,0,155.5
5/22/2021 19:02,233.9,0,0
5/22/2021 19:02,233.9,0,0
5/22/2021 19:02,0,161.6,0
5/22/2021 19:02,0,161.6,155.5
5/22/2021 19:02,0,0,155.5
5/22/2021 19:03,235.2,0,0
5/22/2021 19:03,235.2,0,0
5/22/2021 19:03,0,161.6,0
5/22/2021 19:03,0,161.6,155.5
5/22/2021 19:03,0,0,155.5
5/22/2021 19:04,235.1,0,0
5/22/2021 19:04,235.1,0,0
5/22/2021 19:04,0,161.6,0
5/22/2021 19:04,0,161.6,155.5
5/22/2021 19:04,0,0,155.5
5/22/2021 19:05,235.9,0,0
5/22/2021 19:05,235.9,0,0
5/22/2021 19:05,0,161.6,0
5/22/2021 19:05,0,161.6,155.5
5/22/2021 19:05,0,0,155.5
5/22/2021 19:06,235.5,0,0
5/22/2021 19:06,235.5,0,0
5/22/2021 19:06,0,161.6,0
5/22/2021 19:06,0,161.6,155.5
5/22/2021 19:06,0,0,155.5
5/22/2021 19:07,236.3,0,0
5/22/2021 19:07,236.3,0,0
5/22/2021 19:07,0,161.6,0
5/22/2021 19:07,0,161.6,155.6
5/22/2021 19:07,0,0,155.6
5/22/2021 19:08,237.3,0,0
5/22/2021 19:08,237.3,0,0
5/22/2021 19:08,0,161.6,0
5/22/2021 19:08,0,161.6,155.6
5/22/2021 19:08,0,0,155.6
5/22/2021 19:09,238.5,0,0
5/22/2021 19:09,238.5,0,0
5/22/2021 19:09,0,161.6,0
5/22/2021 19:09,0,161.6,155.6
5/22/2021 19:09,0,0,155.6
5/22/2021 19:10,239.3,0,0
5/22/2021 19:10,239.3,0,0
5/22/2021 19:10,0,161.6,0
5/22/2021 19:10,0,161.6,155.6
5/22/2021 19:10,0,0,155.6
5/22/2021 19:11,238.9,0,0
5/22/2021 19:11,238.9,0,0
5/22/2021 19:11,0,161.6,0
5/22/2021 19:11,0,161.6,155.6
5/22/2021 19:11,0,0,155.6
5/22/2021 19:12,239.7,0,0
5/22/2021 19:12,239.7,0,0
5/22/2021 19:12,0,161.7,0
5/22/2021 19:12,0,161.7,155.6
5/22/2021 19:12,0,0,155.6
5/22/2021 19:13,241.3,0,0
5/22/2021 19:13,241.3,0,0
5/22/2021 19:13,0,161.7,0
5/22/2021 19:13,0,161.7,155.6
5/22/2021 19:13,0,0,155.6
5/22/2021 19:14,241.1,0,0
5/22/2021 19:14,241.1,0,0
5/22/2021 19:14,0,161.7,0
5/22/2021 19:14,0,161.7,155.6
5/22/2021 19:14,0,0,155.6
5/22/2021 19:15,242.2,0,0
5/22/2021 19:15,242.2,0,0
5/22/2021 19:15,0,161.7,0
5/22/2021 19:15,0,161.7,155.6
5/22/2021 19:15,0,0,155.6
5/22/2021 19:16,244,0,0
5/22/2021 19:16,244,0,0
5/22/2021 19:16,0,161.7,0
5/22/2021 19:16,0,161.7,155.6
5/22/2021 19:16,0,0,155.6
5/22/2021 19:17,245,0,0
5/22/2021 19:17,245,0,0
5/22/2021 19:17,0,161.7,0
5/22/2021 19:17,0,161.7,155.6
5/22/2021 19:17,0,0,155.6
5/22/2021 19:18,245.3,0,0
5/22/2021 19:18,245.3,0,0
5/22/2021 19:18,0,161.7,0
5/22/2021 19:18,0,161.7,155.6
5/22/2021 19:18,0,0,155.6
5/22/2021 19:19,245.6,0,0
5/22/2021 19:19,245.6,0,0
5/22/2021 19:19,0,161.7,0
5/22/2021 19:19,0,161.7,155.6
5/22/2021 19:19,0,0,155.6
5/22/2021 19:20,246.7,0,0
5/22/2021 19:20,246.7,0,0
5/22/2021 19:20,0,161.7,0
5/22/2021 19:20,0,161.7,155.6
5/22/2021 19:20,0,0,155.6
5/22/2021 19:21,247.2,0,0
5/22/2021 19:21,247.2,0,0
5/22/2021 19:21,0,161.8,0
5/22/2021 19:21,0,161.8,155.6
5/22/2021 19:21,0,0,155.6
5/22/2021 19:22,248.1,0,0
5/22/2021 19:22,248.1,0,0
5/22/2021 19:22,0,161.8,0
5/22/2021 19:22,0,161.8,155.6
5/22/2021 19:22,0,0,155.6
5/22/2021 19:23,247.9,0,0
5/22/2021 19:23,247.9,0,0
5/22/2021 19:23,0,161.8,0
5/22/2021 19:23,0,161.8,155.6
5/22/2021 19:23,0,0,155.6
5/22/2021 19:24,247.4,0,0
5/22/2021 19:24,247.4,0,0
5/22/2021 19:24,0,161.8,0
5/22/2021 19:24,0,161.8,155.6
5/22/2021 19:24,0,0,155.6
5/22/2021 19:25,246.8,0,0
5/22/2021 19:25,246.8,0,0
5/22/2021 19:25,0,161.8,0
5/22/2021 19:25,0,161.8,155.7
5/22/2021 19:25,0,0,155.7
5/22/2021 19:26,247,0,0
5/22/2021 19:26,247,0,0
5/22/2021 19:26,0,161.9,0
5/22/2021 19:26,0,161.9,155.7
5/22/2021 19:26,0,0,155.7
5/22/2021 19:27,247.8,0,0
5/22/2021 19:27,247.8,0,0
5/22/2021 19:27,0,161.9,0
5/22/2021 19:27,0,161.9,155.7
5/22/2021 19:27,0,0,155.7
5/22/2021 19:28,248.9,0,0
5/22/2021 19:28,248.9,0,0
5/22/2021 19:28,0,162,0
5/22/2021 19:28,0,162,155.7
5/22/2021 19:28,0,0,155.7
5/22/2021 19:29,248.6,0,0
5/22/2021 19:29,248.6,0,0
5/22/2021 19:29,0,162,0
5/22/2021 19:29,0,162,155.7
5/22/2021 19:29,0,0,155.7
5/22/2021 19:30,247.4,0,0
5/22/2021 19:30,247.4,0,0
5/22/2021 19:30,0,162,0
5/22/2021 19:30,0,162,155.7
5/22/2021 19:30,0,0,155.7
5/22/2021 19:31,248.2,0,0
5/22/2021 19:31,248.2,0,0
5/22/2021 19:31,0,162.1,0
5/22/2021 19:31,0,162.1,155.8
5/22/2021 19:31,0,0,155.8
5/22/2021 19:32,248.6,0,0
5/22/2021 19:32,248.6,0,0
5/22/2021 19:32,0,162.1,0
5/22/2021 19:32,0,162.1,155.8
5/22/2021 19:32,0,0,155.8
5/22/2021 19:33,247.8,0,0
5/22/2021 19:33,247.8,0,0
5/22/2021 19:33,0,162.1,0
5/22/2021 19:33,0,162.1,155.8
5/22/2021 19:33,0,0,155.8
5/22/2021 19:34,248,0,0
5/22/2021 19:34,248,0,0
5/22/2021 19:34,0,162.2,0
5/22/2021 19:34,0,162.2,155.8
5/22/2021 19:34,0,0,155.8
5/22/2021 19:35,247.7,0,0
5/22/2021 19:35,247.7,0,0
5/22/2021 19:35,0,162.2,0
5/22/2021 19:35,0,162.2,155.9
5/22/2021 19:35,0,0,155.9
5/22/2021 19:36,247.1,0,0
5/22/2021 19:36,247.1,0,0
5/22/2021 19:36,0,162.2,0
5/22/2021 19:36,0,162.2,155.9
5/22/2021 19:36,0,0,155.9
5/22/2021 19:37,247.7,0,0
5/22/2021 19:37,247.7,0,0
5/22/2021 19:37,0,162.2,0
5/22/2021 19:37,0,162.2,155.9
5/22/2021 19:37,0,0,155.9
5/22/2021 19:38,247.1,0,0
5/22/2021 19:38,247.1,0,0
5/22/2021 19:38,0,162.3,0
5/22/2021 19:38,0,162.3,156
5/22/2021 19:38,0,0,156
5/22/2021 19:39,246.2,0,0
5/22/2021 19:39,246.2,0,0
5/22/2021 19:39,0,162.3,0
5/22/2021 19:39,0,162.3,156
5/22/2021 19:39,0,0,156
5/22/2021 19:40,246.2,0,0
5/22/2021 19:40,246.2,0,0
5/22/2021 19:40,0,162.3,0
5/22/2021 19:40,0,162.3,156
5/22/2021 19:40,0,0,156
5/22/2021 19:41,246.3,0,0
5/22/2021 19:41,246.3,0,0
5/22/2021 19:41,0,162.3,0
5/22/2021 19:41,0,162.3,156.1
5/22/2021 19:41,0,0,156.1
5/22/2021 19:42,246.6,0,0
5/22/2021 19:42,246.6,0,0
5/22/2021 19:42,0,162.3,0
5/22/2021 19:42,0,162.3,156.1
5/22/2021 19:42,0,0,156.1
5/22/2021 19:43,248,0,0
5/22/2021 19:43,248,0,0
5/22/2021 19:43,0,162.4,0
5/22/2021 19:43,0,162.4,156.1
5/22/2021 19:43,0,0,156.1
5/22/2021 19:44,247.1,0,0
5/22/2021 19:44,247.1,0,0
5/22/2021 19:44,0,162.4,0
5/22/2021 19:44,0,162.4,156.2
5/22/2021 19:44,0,0,156.2
5/22/2021 19:45,247.2,0,0
5/22/2021 19:45,247.2,0,0
5/22/2021 19:45,0,162.4,0
5/22/2021 19:45,0,162.4,156.2
5/22/2021 19:45,0,0,156.2
5/22/2021 19:46,247.6,0,0
5/22/2021 19:46,247.6,0,0
5/22/2021 19:46,0,162.5,0
5/22/2021 19:46,0,162.5,156.3
5/22/2021 19:46,0,0,156.3
5/22/2021 19:47,246.2,0,0
5/22/2021 19:47,246.2,0,0
5/22/2021 19:47,0,162.5,0
5/22/2021 19:47,0,162.5,156.3
5/22/2021 19:47,0,0,156.3
5/22/2021 19:48,245.1,0,0
5/22/2021 19:48,245.1,0,0
5/22/2021 19:48,0,162.6,0
5/22/2021 19:48,0,162.6,156.4
5/22/2021 19:48,0,0,156.4
5/22/2021 19:49,244.8,0,0
5/22/2021 19:49,244.8,0,0
5/22/2021 19:49,0,162.6,0
5/22/2021 19:49,0,162.6,156.4
5/22/2021 19:49,0,0,156.4
5/22/2021 19:50,244.4,0,0
5/22/2021 19:50,244.4,0,0
5/22/2021 19:50,0,162.6,0
5/22/2021 19:50,0,162.6,156.5
5/22/2021 19:50,0,0,156.5
5/22/2021 19:51,243.2,0,0
5/22/2021 19:51,243.2,0,0
5/22/2021 19:51,0,162.6,0
5/22/2021 19:51,0,162.6,156.5
5/22/2021 19:51,0,0,156.5
5/22/2021 19:52,242.5,0,0
5/22/2021 19:52,242.5,0,0
5/22/2021 19:52,0,162.7,0
5/22/2021 19:52,0,162.7,156.6
5/22/2021 19:52,0,0,156.6
5/22/2021 19:53,242.1,0,0
5/22/2021 19:53,242.1,0,0
5/22/2021 19:53,0,162.7,0
5/22/2021 19:53,0,162.7,156.6
5/22/2021 19:53,0,0,156.6
5/22/2021 19:54,241.3,0,0
5/22/2021 19:54,241.3,0,0
5/22/2021 19:54,0,162.7,0
5/22/2021 19:54,0,162.7,156.7
5/22/2021 19:54,0,0,156.7
5/22/2021 19:55,239.9,0,0
5/22/2021 19:55,239.9,0,0
5/22/2021 19:55,0,162.8,0
5/22/2021 19:55,0,162.8,156.7
5/22/2021 19:55,0,0,156.7
5/22/2021 19:56,239.9,0,0
5/22/2021 19:56,239.9,0,0
5/22/2021 19:56,0,162.8,0
5/22/2021 19:56,0,162.8,156.8
5/22/2021 19:56,0,0,156.8
5/22/2021 19:57,239.7,0,0
5/22/2021 19:57,239.7,0,0
5/22/2021 19:57,0,162.8,0
5/22/2021 19:57,0,162.8,156.8
5/22/2021 19:57,0,0,156.8
5/22/2021 19:58,239.3,0,0
5/22/2021 19:58,239.3,0,0
5/22/2021 19:58,0,162.9,0
5/22/2021 19:58,0,162.9,156.9
5/22/2021 19:58,0,0,156.9
5/22/2021 19:59,239.6,0,0
5/22/2021 19:59,239.6,0,0
5/22/2021 19:59,0,162.9,0
5/22/2021 19:59,0,162.9,156.9
5/22/2021 19:59,0,0,156.9
5/22/2021 20:00,240.1,0,0
5/22/2021 20:00,240.1,0,0
5/22/2021 20:00,0,162.9,0
5/22/2021 20:00,0,162.9,157
5/22/2021 20:00,0,0,157
5/22/2021 20:01,241.1,0,0
5/22/2021 20:01,241.1,0,0
5/22/2021 20:01,0,162.9,0
5/22/2021 20:01,0,162.9,157
5/22/2021 20:01,0,0,157
5/22/2021 20:02,236.6,0,0
5/22/2021 20:02,236.6,0,0
5/22/2021 20:02,0,163,0
5/22/2021 20:02,0,163,157.1
5/22/2021 20:02,0,0,157.1
5/22/2021 20:03,233.3,0,0
5/22/2021 20:03,233.3,0,0
5/22/2021 20:03,0,163,0
5/22/2021 20:03,0,163,157.1
5/22/2021 20:03,0,0,157.1
5/22/2021 20:04,233.3,0,0
5/22/2021 20:04,233.3,0,0
5/22/2021 20:04,0,163,0
5/22/2021 20:04,0,163,157.2
5/22/2021 20:04,0,0,157.2
5/22/2021 20:05,231.1,0,0
5/22/2021 20:05,231.1,0,0
5/22/2021 20:05,0,163,0
5/22/2021 20:05,0,163,157.2
5/22/2021 20:05,0,0,157.2
5/22/2021 20:06,230.1,0,0
5/22/2021 20:06,230.1,0,0
5/22/2021 20:06,0,163,0
5/22/2021 20:06,0,163,157.3
5/22/2021 20:06,0,0,157.3
5/22/2021 20:07,229.4,0,0
5/22/2021 20:07,229.4,0,0
5/22/2021 20:07,0,163,0
5/22/2021 20:07,0,163,157.3
5/22/2021 20:07,0,0,157.3
5/22/2021 20:08,228.4,0,0
5/22/2021 20:08,228.4,0,0
5/22/2021 20:08,0,163,0
5/22/2021 20:08,0,163,157.4
5/22/2021 20:08,0,0,157.4
5/22/2021 20:09,228,0,0
5/22/2021 20:09,228,0,0
5/22/2021 20:09,0,163,0
5/22/2021 20:09,0,163,157.4
5/22/2021 20:09,0,0,157.4
5/22/2021 20:10,227.9,0,0
5/22/2021 20:10,227.9,0,0
5/22/2021 20:10,0,163,0
5/22/2021 20:10,0,163,157.5
5/22/2021 20:10,0,0,157.5
5/22/2021 20:11,228.7,0,0
5/22/2021 20:11,228.7,0,0
5/22/2021 20:11,0,163.1,0
5/22/2021 20:11,0,163.1,157.5
5/22/2021 20:11,0,0,157.5
5/22/2021 20:12,228.7,0,0
5/22/2021 20:12,228.7,0,0
5/22/2021 20:12,0,163.1,0
5/22/2021 20:12,0,163.1,157.5
5/22/2021 20:12,0,0,157.5
5/22/2021 20:13,227.4,0,0
5/22/2021 20:13,227.4,0,0
5/22/2021 20:13,0,163.2,0
5/22/2021 20:13,0,163.2,157.6
5/22/2021 20:13,0,0,157.6
5/22/2021 20:14,229,0,0
5/22/2021 20:14,229,0,0
5/22/2021 20:14,0,163.3,0
5/22/2021 20:14,0,163.3,157.6
5/22/2021 20:14,0,0,157.6
5/22/2021 20:15,227.8,0,0
5/22/2021 20:15,227.8,0,0
5/22/2021 20:15,0,163.3,0
5/22/2021 20:15,0,163.3,157.6
5/22/2021 20:15,0,0,157.6
5/22/2021 20:16,224.9,0,0
5/22/2021 20:16,224.9,0,0
5/22/2021 20:16,0,163.4,0
5/22/2021 20:16,0,163.4,157.7
5/22/2021 20:16,0,0,157.7
5/22/2021 20:17,224.5,0,0
5/22/2021 20:17,224.5,0,0
5/22/2021 20:17,0,163.4,0
5/22/2021 20:17,0,163.4,157.7
5/22/2021 20:17,0,0,157.7
5/22/2021 20:18,193.2,0,0
5/22/2021 20:18,193.2,0,0
5/22/2021 20:18,0,173.2,0
5/22/2021 20:18,0,173.2,157.8
5/22/2021 20:18,0,0,157.8
5/22/2021 20:19,169.9,0,0
5/22/2021 20:19,169.9,0,0
5/22/2021 20:19,0,177.9,0
5/22/2021 20:19,0,177.9,102.8
5/22/2021 20:19,0,0,102.8
5/22/2021 20:20,0,178.5,0
5/22/2021 20:20,0,178.5,161
5/22/2021 20:20,0,0,161
5/22/2021 20:25,0,178,169
5/22/2021 20:25,0,178,169
5/22/2021 20:26,0,177.3,168.8
5/22/2021 20:26,0,177.3,168.8
5/22/2021 20:27,0,176.6,168.5
5/22/2021 20:27,0,176.6,168.5
5/22/2021 20:28,0,176,168.2
5/22/2021 20:28,0,176,168.2
5/22/2021 20:29,0,175.4,167.8
5/22/2021 20:29,0,175.4,167.8
5/22/2021 20:30,0,174.9,167.4
5/22/2021 20:30,0,174.9,167.4
5/22/2021 20:31,0,174.6,167
5/22/2021 20:31,0,174.6,167
5/22/2021 20:32,0,174.4,166.7
5/22/2021 20:32,0,174.4,166.7
5/22/2021 20:33,0,174.3,166.4
5/22/2021 20:33,0,174.3,166.4
5/22/2021 20:34,0,174.4,166.2
5/22/2021 20:34,0,174.4,166.2
5/22/2021 20:35,0,174.5,166
5/22/2021 20:35,0,174.5,166
5/22/2021 20:36,0,174.7,165.9
5/22/2021 20:36,0,174.7,165.9
5/22/2021 20:37,0,175,165.8
5/22/2021 20:37,0,175,165.8
5/22/2021 20:38,0,175.3,165.7
5/22/2021 20:38,0,175.3,165.7
5/22/2021 20:39,0,175.8,165.7
5/22/2021 20:39,0,175.8,165.7
5/22/2021 20:40,0,176.2,165.7
5/22/2021 20:40,0,176.2,165.7
5/22/2021 20:41,0,176.7,165.8
5/22/2021 20:41,0,176.7,165.8
5/22/2021 20:42,0,177.2,165.9
5/22/2021 20:42,0,177.2,165.9
5/22/2021 20:43,0,177.7,166.1
5/22/2021 20:43,0,177.7,166.1
5/22/2021 20:44,0,178.2,166.2
5/22/2021 20:44,0,178.2,166.2
5/22/2021 20:45,0,178.6,166.4
5/22/2021 20:45,0,178.7,166.4
5/22/2021 20:45,0,178.7,166.4
5/22/2021 20:46,0,179.2,166.6
5/22/2021 20:46,0,179.2,166.6
5/22/2021 20:47,0,179.7,166.8
5/22/2021 20:47,0,179.7,166.8
5/22/2021 20:48,0,180.2,167
5/22/2021 20:48,0,180.2,167
5/22/2021 20:49,0,180.8,167.2
5/22/2021 20:49,0,180.8,167.2
5/22/2021 20:50,0,181.2,167.5
5/22/2021 20:50,0,181.2,167.5
5/22/2021 20:51,0,181.7,167.8
5/22/2021 20:51,0,181.7,167.8
5/22/2021 20:52,0,182.1,168
5/22/2021 20:52,0,182.1,168
5/22/2021 20:53,0,182.6,168.3
5/22/2021 20:53,0,182.6,168.3
5/22/2021 20:54,0,183.1,168.6
5/22/2021 20:54,0,183.1,168.6
5/22/2021 20:55,0,183.5,168.9
5/22/2021 20:55,0,183.5,168.9
5/22/2021 20:56,0,184,169.2
5/22/2021 20:56,0,184,169.2
5/22/2021 20:57,0,184.5,169.6
5/22/2021 20:57,0,184.5,169.6
5/22/2021 20:58,0,184.9,169.9
5/22/2021 20:58,0,184.9,169.9
5/22/2021 20:59,0,185.3,170.2
5/22/2021 20:59,0,185.3,170.2
5/22/2021 21:00,0,185.7,170.6
5/22/2021 21:00,0,185.7,170.6
5/22/2021 21:01,0,186,170.9
5/22/2021 21:01,0,186,170.9
5/22/2021 21:02,0,186.3,171.2
5/22/2021 21:02,0,186.3,171.2
5/22/2021 21:03,0,186.6,171.6
5/22/2021 21:03,0,186.6,171.6
5/22/2021 21:04,0,187,171.9
5/22/2021 21:04,0,187,171.9
5/22/2021 21:05,0,187.4,172.3
5/22/2021 21:05,0,187.4,172.3
5/22/2021 21:06,0,187.7,172.7
5/22/2021 21:06,0,187.7,172.7
5/22/2021 21:07,0,188.1,173
5/22/2021 21:07,0,188.1,173
5/22/2021 21:08,0,188.4,173.4
5/22/2021 21:08,0,188.4,173.4
5/22/2021 21:09,0,188.6,173.8
5/22/2021 21:09,0,188.6,173.8
5/22/2021 21:10,0,189,174.2
5/22/2021 21:10,0,189,174.2
5/22/2021 21:11,0,189.2,174.6
5/22/2021 21:11,0,189.2,174.6
5/22/2021 21:12,0,189.5,175
5/22/2021 21:12,0,189.5,175
5/22/2021 21:13,0,189.7,175.4
5/22/2021 21:13,0,189.7,175.4
5/22/2021 21:14,0,190.1,175.8
5/22/2021 21:14,0,190.1,175.8
5/22/2021 21:15,0,190.3,176.3
5/22/2021 21:15,0,190.3,176.3
5/22/2021 21:16,0,190.7,176.7
5/22/2021 21:16,0,190.7,176.7
5/22/2021 21:17,0,191,177.2
5/22/2021 21:17,0,191,177.2
5/22/2021 21:18,0,191.3,177.6
5/22/2021 21:18,0,191.3,177.6
5/22/2021 21:19,0,191.5,178.1
5/22/2021 21:19,0,191.5,178.1
5/22/2021 21:20,0,191.8,178.5
5/22/2021 21:20,0,191.8,178.5
5/22/2021 21:21,0,192.1,178.9
5/22/2021 21:21,0,192.1,178.9
5/22/2021 21:22,0,192.3,179.3
5/22/2021 21:22,0,192.3,179.3
5/22/2021 21:23,0,192.6,179.8
5/22/2021 21:23,0,192.6,179.8
5/22/2021 21:24,0,192.8,180.2
5/22/2021 21:24,0,192.8,180.2
5/22/2021 21:25,0,193.1,180.6
5/22/2021 21:25,0,193.1,180.6
5/22/2021 21:26,0,193.4,181.1
5/22/2021 21:26,0,193.4,181.1
5/22/2021 21:27,0,193.7,181.5
5/22/2021 21:27,0,193.7,181.5
5/22/2021 21:28,0,194,181.9
5/22/2021 21:28,0,194,181.9
5/22/2021 21:29,0,194.2,182.3
5/22/2021 21:29,0,194.2,182.3
5/22/2021 21:30,0,194.4,182.7
5/22/2021 21:30,0,194.4,182.7
5/22/2021 21:31,0,194.6,183.1
5/22/2021 21:31,0,194.6,183.1
5/22/2021 21:32,0,194.9,183.5
5/22/2021 21:32,0,194.9,183.5
5/22/2021 21:33,0,195.2,183.9
5/22/2021 21:33,0,195.2,183.9
5/22/2021 21:34,0,195.4,184.3
5/22/2021 21:34,0,195.4,184.3
5/22/2021 21:35,0,195.7,184.7
5/22/2021 21:35,0,195.7,184.7
5/22/2021 21:36,0,196.1,185.1
5/22/2021 21:36,0,196.1,185.1
5/22/2021 21:37,0,196.3,185.5
5/22/2021 21:37,0,196.3,185.5
5/22/2021 21:38,0,196.7,185.9
5/22/2021 21:38,0,196.7,185.9
5/22/2021 21:39,0,197,186.4
5/22/2021 21:39,0,197,186.4
5/22/2021 21:40,0,197.3,186.8
5/22/2021 21:40,0,197.3,186.8
5/22/2021 21:41,0,197.6,187.2
5/22/2021 21:41,0,197.6,187.2
5/22/2021 21:42,0,198,187.6
5/22/2021 21:42,0,198,187.6
5/22/2021 21:43,0,198.2,188
5/22/2021 21:43,0,198.2,188
5/22/2021 21:44,0,198.6,188.4
5/22/2021 21:44,0,198.6,188.4
5/22/2021 21:45,0,198.9,188.8
5/22/2021 21:45,0,198.9,188.8
5/22/2021 21:46,0,199.2,189.2
5/22/2021 21:46,0,199.2,189.2
5/22/2021 21:47,0,199.5,189.6
5/22/2021 21:47,0,199.5,189.6
5/22/2021 21:48,0,199.9,190
5/22/2021 21:48,0,199.9,190
5/22/2021 21:49,0,200.2,190.4
5/22/2021 21:49,0,200.2,190.4
5/22/2021 21:50,0,200.5,190.8
5/22/2021 21:50,0,200.5,190.8
5/22/2021 21:51,0,200.8,191.2
5/22/2021 21:51,0,200.8,191.2
5/22/2021 21:52,0,201.1,191.6
5/22/2021 21:52,0,201.1,191.6
5/22/2021 21:53,0,201.5,192
5/22/2021 21:53,0,201.5,192
5/22/2021 21:54,0,201.8,192.4
5/22/2021 21:54,0,201.8,192.4
5/22/2021 21:55,0,202,192.8
5/22/2021 21:55,0,202,192.8
5/22/2021 21:56,0,202.4,193.2
5/22/2021 21:56,0,202.4,193.2
5/22/2021 21:57,0,202.6,193.6
5/22/2021 21:57,0,202.6,193.6
5/22/2021 21:58,0,202.9,193.9
5/22/2021 21:58,0,202.9,193.9
5/22/2021 21:59,0,203.2,194.3
5/22/2021 21:59,0,203.2,194.3
5/22/2021 21:59,0,203.3,194.4
5/22/2021 21:59,0,203.3,194.4
5/22/2021 22:00,0,203.5,194.7
5/22/2021 22:00,0,203.5,194.7
5/22/2021 22:00,0,203.6,194.8
5/22/2021 22:00,0,203.6,194.8
5/22/2021 22:01,0,203.7,195
5/22/2021 22:01,0,203.7,195
5/22/2021 22:01,0,203.8,195.2
5/22/2021 22:01,0,203.8,195.2
5/22/2021 22:02,0,204,195.4
5/22/2021 22:02,0,204,195.4
5/22/2021 22:02,0,204.1,195.5
5/22/2021 22:02,0,204.1,195.5
5/22/2021 22:03,0,204.3,195.8
5/22/2021 22:03,0,204.3,195.8
5/22/2021 22:03,0,204.3,195.9
5/22/2021 22:03,0,204.3,195.9
5/22/2021 22:04,0,204.4,196.1
5/22/2021 22:04,0,204.4,196.1
5/22/2021 22:04,0,204.5,196.2
5/22/2021 22:04,0,204.5,196.2
5/22/2021 22:05,0,204.7,196.4
5/22/2021 22:05,0,204.7,196.4
5/22/2021 22:05,0,204.8,196.5
5/22/2021 22:05,0,204.8,196.5
5/22/2021 22:06,0,205,196.8
5/22/2021 22:06,0,205,196.8
5/22/2021 22:06,0,205.1,196.9
5/22/2021 22:06,0,205.1,196.9
5/22/2021 22:07,0,205.2,197.1
5/22/2021 22:07,0,205.2,197.1
5/22/2021 22:07,0,205.3,197.2
5/22/2021 22:07,0,205.3,197.2
5/22/2021 22:08,0,205.5,197.4
5/22/2021 22:08,0,205.5,197.4
5/22/2021 22:08,0,205.5,197.5
5/22/2021 22:08,0,205.5,197.5
5/22/2021 22:09,0,205.7,197.8
5/22/2021 22:09,0,205.7,197.8
5/22/2021 22:09,0,205.8,197.9
5/22/2021 22:09,0,205.8,197.9
5/22/2021 22:10,0,206,198.1
5/22/2021 22:10,0,206,198.1
5/22/2021 22:10,0,206,198.2
5/22/2021 22:10,0,206,198.2
5/22/2021 22:11,0,206.1,198.4
5/22/2021 22:11,0,206.1,198.4
5/22/2021 22:11,0,206.2,198.5
5/22/2021 22:11,0,206.2,198.5
5/22/2021 22:12,0,206.3,198.7
5/22/2021 22:12,0,206.3,198.7
5/22/2021 22:12,0,206.4,198.8
5/22/2021 22:12,0,206.4,198.8
5/22/2021 22:13,0,206.6,199
5/22/2021 22:13,0,206.6,199
5/22/2021 22:13,0,206.7,199.2
5/22/2021 22:13,0,206.7,199.2
5/22/2021 22:14,0,206.8,199.4
5/22/2021 22:14,0,206.8,199.4
5/22/2021 22:14,0,206.8,199.5
5/22/2021 22:14,0,206.8,199.5
5/22/2021 22:15,0,0,199.6
5/22/2021 22:15,0,0,199.6
5/22/2021 22:15,0,0,199.7
5/22/2021 22:15,0,0,199.7
5/22/2021 22:16,0,0,199.9
5/22/2021 22:16,0,0,199.9
5/22/2021 22:16,0,0,200
5/22/2021 22:16,0,0,200
5/22/2021 22:17,0,0,200.3
5/22/2021 22:17,0,0,200.3
5/22/2021 22:17,0,0,200.4
5/22/2021 22:17,0,0,200.4
5/22/2021 22:18,0,0,200.6
5/22/2021 22:18,0,0,200.6
5/22/2021 22:18,0,0,200.7
5/22/2021 22:18,0,0,200.7
5/22/2021 22:19,0,0,200.8
5/22/2021 22:19,0,0,200.8
5/22/2021 22:19,0,0,200.9
5/22/2021 22:19,0,0,200.9
5/22/2021 22:20,0,0,201.1
5/22/2021 22:20,0,0,201.1
5/22/2021 22:20,0,0,201.2
5/22/2021 22:20,0,0,201.2
5/22/2021 22:21,0,0,201.4
5/22/2021 22:21,0,0,201.4
5/22/2021 22:21,0,0,201.5
5/22/2021 22:21,0,0,201.6
5/22/2021 22:21,0,0,201.6
5/22/2021 22:22,0,0,201.6
5/22/2021 22:22,0,0,201.6
5/22/2021 22:22,0,0,201.8
5/22/2021 22:22,0,0,201.8
5/22/2021 22:22,0,0,201.9
5/22/2021 22:22,0,0,201.9
5/22/2021 22:22,0,0,201.9
5/22/2021 22:23,0,0,201.9
5/22/2021 22:23,0,0,202
5/22/2021 22:23,0,0,202
5/22/2021 22:23,0,0,202.2
5/22/2021 22:23,0,0,202.2
5/22/2021 22:23,0,0,202.2
5/22/2021 22:24,0,0,202.2
5/22/2021 22:24,0,0,202.4
5/22/2021 22:24,0,0,202.4
5/22/2021 22:24,0,0,202.5
5/22/2021 22:24,0,0,202.5
5/22/2021 22:24,0,0,202.5
5/22/2021 22:25,0,0,202.5
5/22/2021 22:25,0,0,202.7
5/22/2021 22:25,0,0,202.7
5/22/2021 22:25,0,0,202.8
5/22/2021 22:25,0,0,202.8
5/22/2021 22:25,0,0,202.8
5/22/2021 22:26,0,0,202.8
5/22/2021 22:26,0,0,203
5/22/2021 22:26,0,0,203
5/22/2021 22:26,0,0,203.1
5/22/2021 22:26,0,0,203.1
5/22/2021 22:26,0,0,203.1
5/22/2021 22:27,0,0,203.1
